E 100	Curcumin	https://de.wikipedia.org/wiki/Curcumin	Naturfarbstoff, orangegelb	nicht festgelegt
E 101	Riboflavin	https://de.wikipedia.org/wiki/Riboflavin	Vitamin B2, kommt in der Milch vor, gelb.	nicht festgelegt
E 102	Tartrazin	https://de.wikipedia.org/wiki/Tartrazin	Synthetischer Azofarbstoff, gelb Lebensmittel, die Tartrazin enthalten, müssen seit dem 20. Juli 2010 den Hinweis auf dem Etikett tragen: „Kann Aktivität und Aufmerksamkeit bei Kindern beeinträchtigen“.	7,5
E 104	Chinolingelb	https://de.wikipedia.org/wiki/Chinolingelb	Synthetischer Farbstoff, grüngelb EU: Lebensmittel, die Chinolingelb enthalten, müssen seit dem 20. Juli 2010 den Hinweis auf dem Etikett tragen: „Kann Aktivität und Aufmerksamkeit bei Kindern beeinträchtigen“.	0,5
E 110	Gelborange S	https://de.wikipedia.org/wiki/Gelborange_S	Synthetischer Azofarbstoff, gelb-orange EU: Lebensmittel, die E 110 enthalten, müssen seit dem 20. Juli 2010 den Hinweis auf dem Etikett tragen: „Kann Aktivität und Aufmerksamkeit bei Kindern beeinträchtigen“.	1
E 120	Echtes Karmin	https://de.wikipedia.org/wiki/Karmin	Naturfarbstoff, leicht bis leuchtend rot	5
E 122	Azorubin	https://de.wikipedia.org/wiki/Azorubin	Synthetischer Azofarbstoff, rot Lebensmittel, die Azorubin enthalten, müssen seit dem 20. Juli 2010 den Hinweis auf dem Etikett tragen: „Kann Aktivität und Aufmerksamkeit bei Kindern beeinträchtigen“.	4
E 123	Amaranth	https://de.wikipedia.org/wiki/Amaranth_(Farbstoff)	Synthetischer Azofarbstoff, rot	0,8
E 124	Cochenillerot A	https://de.wikipedia.org/wiki/Cochenillerot_A	Synthetischer Azofarbstoff, rot EU: Lebensmittel, die Cochenillerot A enthalten, müssen seit dem 20. Juli 2010 den Hinweis auf dem Etikett tragen: „Kann Aktivität und Aufmerksamkeit bei Kindern beeinträchtigen“.	0,7
E 127	Erythrosin	https://de.wikipedia.org/wiki/Erythrosin	Synthetischer Farbstoff, rot	0,1
E 129	Allurarot AC	https://de.wikipedia.org/wiki/Allurarot_AC	Synthetischer Farbstoff, rot Lebensmittel, die E 129 enthalten, müssen seit dem 20. Juli 2010 den Hinweis auf dem Etikett tragen: „Kann Aktivität und Aufmerksamkeit bei Kindern beeinträchtigen“.	7
E 131	Patentblau V	https://de.wikipedia.org/wiki/Patentblau_V	Synthetischer Triphenylmethanfarbstoff, hellblau	15
E 132	Indigotin I	https://de.wikipedia.org/wiki/Indigotin_I	Natürlicher, doch leicht veränderter Farbstoff, dunkelblau	5
E 133	Brillantblau FCF	https://de.wikipedia.org/wiki/Brillantblau_FCF	Synthetischer Farbstoff, hellblau	0,1
E 140	Chlorophylle, Chlorophylline	https://de.wikipedia.org/wiki/Chlorophyll	Blattgrün (Naturfarbstoff)	nicht festgelegt
E 141	Kupferhaltige Komplexe der Chlorophylle,kupferhaltige Komplexe der Chlorophylline	https://de.wikipedia.org/wiki/Kupferhaltige_Komplexe_der_Chlorophylle_und_Chlorophylline	Kupferchlorophylle, Kupferverbindung des Blattgrüns, stabiler als E 140.	15
E 142	Grün S	https://de.wikipedia.org/wiki/Grün_S	Synthetischer Triphenylmethanfarbstoff	5
E 150a	Einfaches Zuckerkulör	https://de.wikipedia.org/wiki/Zuckerkulör	Synthetischer Triphenylmethanfarbstoff	300
E 150b	Sulfitlaugen-Zuckerkulör		gebrannter Zucker, Karamell, braun.	300
E 150c	Ammoniak-Zuckerkulör		gebrannter Zucker, Karamell, braun.	300
E 150d	Ammonsulfit-Zuckerkulör		gebrannter Zucker, Karamell, braun.	300
E 151	Brillantschwarz BN	https://de.wikipedia.org/wiki/Brillantschwarz_BN	Synthetischer Azofarbstoff. Im Zuge der Neubewertung von E 151 im Jahr 2010 sah die EFSA keinen Anlass, etwas an der Bewertung oder der Zulassung von Brillantschwarz zu ändern.	5
E 153	Pflanzenkohle	https://de.wikipedia.org/wiki/Pflanzenkohle	Holzkohle, schwarz	nicht festgelegt
E 154	Braun FK	https://de.wikipedia.org/wiki/Braun_FK	Synthetischer Farbstoff. EU: Braun FK ist ausschließlich für „Kipper“, eine britische Räucherherings-Spezialität, zugelassen. Im Zuge der Neubewertung von E 154 im Jahr 2010 sah die EFSA keinen Anlass, etwas an der Bewertung oder der Zulassung von Braun FK zu ändern. Schweiz: Nicht zugelassen.	0,15
E 155	Braun HT	https://de.wikipedia.org/wiki/Braun_HT	Synthetischer Farbstoff für Süßwaren	3
E 160a	Carotine, gemischte Carotine, Beta-Carotin	https://de.wikipedia.org/wiki/Carotine	Pro-Vitamin A, orangegelb natürlich naturidentisch hergestellt.	5
E 160b	Annatto, Bixin, Norbixin	https://de.wikipedia.org/wiki/Annatto	Naturfarbstoff aus Pflanzensamen, gelb bis orange	1,5 für die Summe von Bixin und Norbixin 2,5 für Annattoextrakte
E 160c	Paprikaextrakt, Capsanthin, Capsorubin	https://de.wikipedia.org/wiki/Paprika	Naturfarbstoff aus Paprika, orangerot	nicht festgelegt
E 160d	Lycopin	https://de.wikipedia.org/wiki/Lycopin	Naturfarbstoff aus Tomaten und anderen roten Obst- und Gemüsesorten, wie Möhren, Hagebutten, Wassermelonen und Papayas	0,5
E 160e	Beta-apo-8-Carotinal	https://de.wikipedia.org/wiki/8′-Apo-β-caroten-8′-al	Naturidentisch hergestellt, orangerot	5
E 160f	Beta-apo-8-Carotinsäureethylester (C 30)	https://de.wikipedia.org/wiki/Β-Apo-8′-carotinsäureethylester	Ester von E 160e, orangerot bis gelb. Vitaminwirksam. Kommt natürlicherweise in Gemüse, Zitrusfrüchten und Gras vor. Schweiz: Nicht zugelassen.	5
E 161b	Lutein	https://de.wikipedia.org/wiki/Lutein	Gelber Blütenfarbstoff aus der Gruppe der Xanthophylle. Kommt in grünen Pflanzen und Tagetesblüten vor. Verwendung für Süß- und Backwaren sowie Getränke (max. 500 mg/kg).	2
E 161g	Canthaxanthin	https://de.wikipedia.org/wiki/Canthaxanthin	Naturidentisch hergestellt, orangerot EU: Canthaxanthin ist ausschließlich für die französische Wurstsorte Saucisses de Strasbourg (max. 15 mg/kg) zugelassen. Schweiz: Nicht zugelassen.	0,05
E 162	Betanin (Betenrot)	https://de.wikipedia.org/wiki/Betanin	Aus Roten Beten gewonnen, rotviolett	nicht festgelegt
E 163	Anthocyane	https://de.wikipedia.org/wiki/Anthocyane	Aus Rotwein-Trestern gewonnen: rot, blau und braun	nicht festgelegt
E 170	Calciumcarbonat	https://de.wikipedia.org/wiki/Calciumcarbonat	Mineralstoff, Kreide, Kalk, weiß	nicht festgelegt
E 171	Titandioxid	https://de.wikipedia.org/wiki/Titandioxid	Weißes Farbpigment. Frankreich: nicht zugelassen.	nicht festgelegt
E 172	Eisenoxide und -hydroxide	https://de.wikipedia.org/wiki/Eisen(III)-oxid	Gelbe, rote und schwarze Farbpigmente	nicht festgelegt
E 173	Aluminium	https://de.wikipedia.org/wiki/Aluminium	Metall-Pigmente	0,14
E 174	Silber	https://de.wikipedia.org/wiki/Silber	Metall-Pigmente	nicht festgelegt
E 175	Gold	https://de.wikipedia.org/wiki/Gold	Metall-Pigmente	nicht festgelegt
E 180	Litholrubin BK	https://de.wikipedia.org/wiki/Litholrubin_BK	Rotes Farbpigment, nur für Käserinde	1,5
E 200	Sorbinsäure	https://de.wikipedia.org/wiki/Sorbinsäure	Sorbinsäure, die natürlicherweise in den Früchten der Eberesche/Vogelbeere (Sorbus aucuparia) enthalten ist, hemmt das Wachstum von Hefen, Schimmelpilzen und einigen Bakterien.	25 (Summe E 200, E 202 und E 203)
E 202	Kaliumsorbat	https://de.wikipedia.org/wiki/Kaliumsorbat	Salze der Sorbinsäure E 200. Hemmen das Wachstum von Hefen, Schimmelpilzen und einigen Bakterien.	25 (Summe E 200, E 202 und E 203)
E 203	Calciumsorbat		Salze der Sorbinsäure E 200. Hemmen das Wachstum von Hefen, Schimmelpilzen und einigen Bakterien.	25 (Summe E 200, E 202 und E 203)
E 210	Benzoesäure	https://de.wikipedia.org/wiki/Benzoesäure	Benzoesäure ist als organische Säure in Preiselbeeren, Heidelbeeren und vielen anderen Früchten enthalten. Sie hemmt in sauren Lebensmitteln das Wachstum von Hefen und Bakterien.	5 (Summe E 210, E 211, E 212 und E 213)
E 211	Natriumbenzoat	https://de.wikipedia.org/wiki/Natriumbenzoat	Salze der Benzoesäure E 210	5 (Summe E 210, E 211, E 212 und E 213)
E 212	Kaliumbenzoat	https://de.wikipedia.org/wiki/Kaliumbenzoat	Salze der Benzoesäure E 210	5 (Summe E 210, E 211, E 212 und E 213)
E 213	Calciumbenzoat	https://de.wikipedia.org/wiki/Calciumbenzoat	Salze der Benzoesäure E 210	5 (Summe E 210, E 211, E 212 und E 213)
E 214	4-Hydroxybenzoesäure­ethylester	https://de.wikipedia.org/wiki/4-Hydroxybenzoesäureethylester	Ester der Para-Hydroxybenzoesäure sowie deren Natriumsalze hemmen das Wachstum von Hefen und Schimmel. EU: Seit 2006 sind E 216 und E 217 nicht mehr in der EU als Lebensmittelzusatzstoffe zugelassen. Schweiz: E 216 und E 217 sind nicht zugelassen	10 (Summe PHB-Methyl- und Ethylester)
E 215	Natrium-4-Hydroxybenzoesäureethylester	https://de.wikipedia.org/wiki/4-Hydroxybenzoesäureethylester	Ester der Para-Hydroxybenzoesäure sowie deren Natriumsalze hemmen das Wachstum von Hefen und Schimmel. EU: Seit 2006 sind E 216 und E 217 nicht mehr in der EU als Lebensmittelzusatzstoffe zugelassen. Schweiz: E 216 und E 217 sind nicht zugelassen	10 (Summe PHB-Methyl- und Ethylester)
E 216	4-Hydroxybenzoesäure­propylester	https://de.wikipedia.org/wiki/4-Hydroxybenzoesäureethylester	Ester der Para-Hydroxybenzoesäure sowie deren Natriumsalze hemmen das Wachstum von Hefen und Schimmel. EU: Seit 2006 sind E 216 und E 217 nicht mehr in der EU als Lebensmittelzusatzstoffe zugelassen. Schweiz: E 216 und E 217 sind nicht zugelassen	10 (Summe PHB-Methyl- und Ethylester)
E 217	Natrium-4-Hydroxybenzoesäurepropylester	https://de.wikipedia.org/wiki/4-Hydroxybenzoesäurepropylester	Ester der Para-Hydroxybenzoesäure sowie deren Natriumsalze hemmen das Wachstum von Hefen und Schimmel. EU: Seit 2006 sind E 216 und E 217 nicht mehr in der EU als Lebensmittelzusatzstoffe zugelassen. Schweiz: E 216 und E 217 sind nicht zugelassen	10 (Summe PHB-Methyl- und Ethylester)
E 218	4-Hydroxybenzoesäure­methylester	https://de.wikipedia.org/wiki/4-Hydroxybenzoesäuremethylester	Ester der Para-Hydroxybenzoesäure sowie deren Natriumsalze hemmen das Wachstum von Hefen und Schimmel. EU: Seit 2006 sind E 216 und E 217 nicht mehr in der EU als Lebensmittelzusatzstoffe zugelassen. Schweiz: E 216 und E 217 sind nicht zugelassen	10 (Summe PHB-Methyl- und Ethylester)
E 219	Natrium-4-Hydroxybenzoesäuremethylester	https://de.wikipedia.org/wiki/4-Hydroxybenzoesäuremethylester	Ester der Para-Hydroxybenzoesäure sowie deren Natriumsalze hemmen das Wachstum von Hefen und Schimmel. EU: Seit 2006 sind E 216 und E 217 nicht mehr in der EU als Lebensmittelzusatzstoffe zugelassen. Schweiz: E 216 und E 217 sind nicht zugelassen	10 (Summe PHB-Methyl- und Ethylester)
E 220	Schwefeldioxid / Schweflige Säure	https://de.wikipedia.org/wiki/Schwefeldioxid	Schweflige Säure und deren Salze wirken gegen Hefen, Pilze und Bakterien. Sie reagieren auf verschiedene Weise mit vielen Lebensmittelinhaltsstoffen und wirken beispielsweise dem Abbau von Farbstoffen, Vitaminen und Aromen durch Sauerstoffeinfluss entgegen. Thiamin wird durch Sulfite zerstört.	0,7
E 221	Natriumsulfit	https://de.wikipedia.org/wiki/Natriumsulfit	Schweflige Säure und deren Salze wirken gegen Hefen, Pilze und Bakterien. Sie reagieren auf verschiedene Weise mit vielen Lebensmittelinhaltsstoffen und wirken beispielsweise dem Abbau von Farbstoffen, Vitaminen und Aromen durch Sauerstoffeinfluss entgegen. Thiamin wird durch Sulfite zerstört.	0,7
E 222	Natriumhydrogensulfit	https://de.wikipedia.org/wiki/Natriumhydrogensulfit	Schweflige Säure und deren Salze wirken gegen Hefen, Pilze und Bakterien. Sie reagieren auf verschiedene Weise mit vielen Lebensmittelinhaltsstoffen und wirken beispielsweise dem Abbau von Farbstoffen, Vitaminen und Aromen durch Sauerstoffeinfluss entgegen. Thiamin wird durch Sulfite zerstört.	0,7
E 223	Natriumdisulfit	https://de.wikipedia.org/wiki/Natriumdisulfit	Schweflige Säure und deren Salze wirken gegen Hefen, Pilze und Bakterien. Sie reagieren auf verschiedene Weise mit vielen Lebensmittelinhaltsstoffen und wirken beispielsweise dem Abbau von Farbstoffen, Vitaminen und Aromen durch Sauerstoffeinfluss entgegen. Thiamin wird durch Sulfite zerstört.	0,7
E 224	Kaliumdisulfit	https://de.wikipedia.org/wiki/Kaliumdisulfit	Schweflige Säure und deren Salze wirken gegen Hefen, Pilze und Bakterien. Sie reagieren auf verschiedene Weise mit vielen Lebensmittelinhaltsstoffen und wirken beispielsweise dem Abbau von Farbstoffen, Vitaminen und Aromen durch Sauerstoffeinfluss entgegen. Thiamin wird durch Sulfite zerstört.	0,7
E 226	Calciumsulfit	https://de.wikipedia.org/wiki/Calciumsulfit	Schweflige Säure und deren Salze wirken gegen Hefen, Pilze und Bakterien. Sie reagieren auf verschiedene Weise mit vielen Lebensmittelinhaltsstoffen und wirken beispielsweise dem Abbau von Farbstoffen, Vitaminen und Aromen durch Sauerstoffeinfluss entgegen. Thiamin wird durch Sulfite zerstört.	0,7
E 227	Calciumhydrogensulfit	https://de.wikipedia.org/wiki/Calciumhydrogensulfit	Schweflige Säure und deren Salze wirken gegen Hefen, Pilze und Bakterien. Sie reagieren auf verschiedene Weise mit vielen Lebensmittelinhaltsstoffen und wirken beispielsweise dem Abbau von Farbstoffen, Vitaminen und Aromen durch Sauerstoffeinfluss entgegen. Thiamin wird durch Sulfite zerstört.	0,7
E 228	Kaliumhydrogensulfit	https://de.wikipedia.org/wiki/Kaliumhydrogensulfit	Schweflige Säure und deren Salze wirken gegen Hefen, Pilze und Bakterien. Sie reagieren auf verschiedene Weise mit vielen Lebensmittelinhaltsstoffen und wirken beispielsweise dem Abbau von Farbstoffen, Vitaminen und Aromen durch Sauerstoffeinfluss entgegen. Thiamin wird durch Sulfite zerstört.	0,7
E 231	Orthophenylphenol	https://de.wikipedia.org/wiki/2-Phenylphenol	EU: Ausschließlich zur Oberflächenbehandlung von Zitrusfrüchten (max. 12 mg/kg) zugelassen. Gemäß der Richtlinie 2003/114/EG gehört 2-Phenylphenol (Orthophenylphenol und Natriumorthophenylphenol) seit November 2014 nicht mehr zu den Lebensmittelzusatzstoffen, sondern wird den gesetzlichen Regelungen der  Pflanzenschutzmittel unterworfen. Schweiz: Nicht zugelassen.	nicht festgelegt
E 232	Natriumorthophenylphenol	https://de.wikipedia.org/wiki/2-Phenylphenol	EU: Ausschließlich zur Oberflächenbehandlung von Zitrusfrüchten (max. 12 mg/kg) zugelassen. Gemäß der Richtlinie 2003/114/EG gehört 2-Phenylphenol (Orthophenylphenol und Natriumorthophenylphenol) seit November 2014 nicht mehr zu den Lebensmittelzusatzstoffen, sondern wird den gesetzlichen Regelungen der  Pflanzenschutzmittel unterworfen. Schweiz: Nicht zugelassen.	nicht festgelegt
E 234	Nisin	https://de.wikipedia.org/wiki/Nisin	Natürlich vorkommendes Antibiotikum. Wirkt gegen die gefährlichen Clostridien und eine Reihe von Bakterien, die in der Milch- und Käseherstellung Fehlaromen hervorrufen können.	0,3
E 235	Natamycin	https://de.wikipedia.org/wiki/Natamycin	Ein von Schimmelpilzen gebildeter Wirkstoff, der antibiotisch auf Hefen und Schimmelpilze, nicht jedoch Bakterien wirkt.	0,3
E 236	Ameisensäure	https://de.wikipedia.org/wiki/Ameisensäure	EU: Ameisensäure sowie ihr Natrium- und Kaliumsalz sind seit 1998 in der EU nicht mehr zur Verwendung bei Lebensmitteln zugelassen, werden jedoch weiterhin in Kosmetika und bei der Haltbarmachung von Tierfutter eingesetzt. Schweiz: Nicht zugelassen.	0,3
E 237	Natriumformiat	https://de.wikipedia.org/wiki/Natriumformiat	EU: Ameisensäure sowie ihr Natrium- und Kaliumsalz sind seit 1998 in der EU nicht mehr zur Verwendung bei Lebensmitteln zugelassen, werden jedoch weiterhin in Kosmetika und bei der Haltbarmachung von Tierfutter eingesetzt. Schweiz: Nicht zugelassen.	0,3
E 238	Kaliumformiat	https://de.wikipedia.org/wiki/Kaliumformiat	EU: Ameisensäure sowie ihr Natrium- und Kaliumsalz sind seit 1998 in der EU nicht mehr zur Verwendung bei Lebensmitteln zugelassen, werden jedoch weiterhin in Kosmetika und bei der Haltbarmachung von Tierfutter eingesetzt. Schweiz: Nicht zugelassen.	0,3
E 239	Urotropin	https://de.wikipedia.org/wiki/Urotropin	Wirkt gegen Bakterien, jedoch kaum gegen Hefen und Schimmel. Hexamethylentetramin ist ausschließlich für die italienische Käsesorte Provolone zugelassen.	0,15
E 242	Dimethyldicarbonat, auch DMDC	https://de.wikipedia.org/wiki/Dimethyldicarbonat	Tötet Mikroorganismen in kurzer Zeit – zur Verhinderung von Gärhefen bei Getränkeabfüllung.	nicht festgelegt
E 243	Ethyllaurylarginat, auch LAE	file:///w/index.php%3Ftitle=Ethyllaurylarginat&action=edit&redlink=1	EU: Zur Verbesserung der mikrobiologischen Qualität wärmebehandelter verarbeiteter Fleischerzeugnisse und zur Verhinderung des Wachstums schädlicher Mikroorganismen wie etwa Listeria monocytogenes.	0,5
E 249	Kaliumnitrit	https://de.wikipedia.org/wiki/Kaliumnitrit	Zur Nitritpökelsalzherstellung. Nitrite töten verschiedene Bakterienarten, unter anderem Clostridium botulinum, das das hochgiftige Botulinumtoxin produziert.	0,06 (bezogen auf das Nitrit-Ion)
E 250	Natriumnitrit	https://de.wikipedia.org/wiki/Natriumnitrit	Zur Nitritpökelsalzherstellung. Nitrite töten verschiedene Bakterienarten, unter anderem Clostridium botulinum, das das hochgiftige Botulinumtoxin produziert.	0,06 (bezogen auf das Nitrit-Ion)
E 251	Natriumnitrat	https://de.wikipedia.org/wiki/Natriumnitrat	Salpeter zum Pökeln. Als Lebensmittelzusatzstoff wird es gegen Bakterien, insbesondere Clostridium botulinum, den Botulismus-Erreger, eingesetzt.	5
E 252	Kaliumnitrat	https://de.wikipedia.org/wiki/Kaliumnitrat	Salpeter zum Pökeln. Als Lebensmittelzusatzstoff wird es gegen Bakterien, insbesondere Clostridium botulinum, den Botulismus-Erreger, eingesetzt.	5
E 260	Essigsäure	https://de.wikipedia.org/wiki/Essigsäure	Essigsäure ist die wichtigste der natürlich vorkommenden organischen Säuren. Sie macht Lebensmittel saurer, senkt also ihren pH-Wert soweit ab, dass das Wachstum von Hefen und Bakterien gehemmt wird.	nicht festgelegt
E 261	Kaliumacetat	https://de.wikipedia.org/wiki/Kaliumacetat	Salze der Essigsäure E 260. Acetate werden vor allem als Säureregulatoren eingesetzt: sie mildern allzu starken sauren Geschmack.	nicht festgelegt
E 262	Natriumacetat, Natriumdiacetat	https://de.wikipedia.org/wiki/Natriumacetat	Salze der Essigsäure E 260. Acetate werden vor allem als Säureregulatoren eingesetzt: sie mildern allzu starken sauren Geschmack.	nicht festgelegt
E 263	Calciumacetat	https://de.wikipedia.org/wiki/Calciumacetat	Salze der Essigsäure E 260. Acetate werden vor allem als Säureregulatoren eingesetzt: sie mildern allzu starken sauren Geschmack.	nicht festgelegt
E 270	Milchsäure	https://de.wikipedia.org/wiki/Milchsäure	Milchsäure senkt den Säuregrad der Lebensmittel und wirkt gegen einige, vorwiegend anaerob (ohne Luftsauerstoff) lebende Bakterien direkt. Wird als Säuerungsmittel in Getränken, Süßwaren und Sauerkonserven zur Abrundung des Geschmacks eingesetzt.	nicht festgelegt
E 280	Propionsäure	https://de.wikipedia.org/wiki/Propionsäure	Propionsäure und deren Salze wirken gegen bestimmte Bakterien-, Hefe- und Schimmelarten. Nur zur Konservierung von abgepacktem Schnittbrot und anderen Backwaren.	nicht festgelegt
E 281	Natriumpropionat	https://de.wikipedia.org/wiki/Natriumpropionat	Propionsäure und deren Salze wirken gegen bestimmte Bakterien-, Hefe- und Schimmelarten. Nur zur Konservierung von abgepacktem Schnittbrot und anderen Backwaren.	nicht festgelegt
E 282	Calciumpropionat	https://de.wikipedia.org/wiki/Calciumpropionat	Propionsäure und deren Salze wirken gegen bestimmte Bakterien-, Hefe- und Schimmelarten. Nur zur Konservierung von abgepacktem Schnittbrot und anderen Backwaren.	nicht festgelegt
E 283	Kaliumpropionat	https://de.wikipedia.org/wiki/Kaliumpropionat	Propionsäure und deren Salze wirken gegen bestimmte Bakterien-, Hefe- und Schimmelarten. Nur zur Konservierung von abgepacktem Schnittbrot und anderen Backwaren.	nicht festgelegt
E 284	Borsäure	https://de.wikipedia.org/wiki/Borsäure	Borsäure und Natriumtetraborat sind ausschließlich für echten Kaviar (Störrogen) zugelassen.	nicht festgelegt
E 285	Natriumtetraborat	https://de.wikipedia.org/wiki/Natriumtetraborat	Borsäure und Natriumtetraborat sind ausschließlich für echten Kaviar (Störrogen) zugelassen.	nicht festgelegt
E 290	Kohlendioxid	https://de.wikipedia.org/wiki/Kohlendioxid	Als Kohlensäure, Treib- und Packgas.	nicht festgelegt
E 296	Äpfelsäure	https://de.wikipedia.org/wiki/Äpfelsäure	Natürlich vorkommende Fruchtsäure, synthetisch hergestellt. Äpfelsäure unterstützt die Wirkung von Antioxidantien und hemmt Enzyme, die bei geschnittenem Obst und Gemüse eine Braunverfärbung verursachen.	nicht festgelegt
E 297	Fumarsäure	https://de.wikipedia.org/wiki/Fumarsäure	Säuerungsmittel, natürlich vorkommende Fruchtsäure, synthetisch hergestellt.	6 mg/kg Körpergewicht
E 1105	Lysozym	https://de.wikipedia.org/wiki/Lysozym	Das Enzym Lysozym wirkt gegen bestimmte Mikroorganismen, indem es ein Eiweiß (das Murein) in ihren Zellwänden zerstört.	nicht festgelegt
E 300	Ascorbinsäure	https://de.wikipedia.org/wiki/Ascorbinsäure	Vitamin C. Ascorbinsäure und ihre Natrium- und Calciumsalze verhindern die Entstehung freier Radikale.	nicht festgelegt
E 301	Natriumascorbat	https://de.wikipedia.org/wiki/Natriumascorbat	Vitamin C. Ascorbinsäure und ihre Natrium- und Calciumsalze verhindern die Entstehung freier Radikale.	nicht festgelegt
E 302	Calciumascorbat	https://de.wikipedia.org/wiki/Calciumascorbat	Vitamin C. Ascorbinsäure und ihre Natrium- und Calciumsalze verhindern die Entstehung freier Radikale.	nicht festgelegt
E 304	Ascorbylpalmitat, Ascorbylstearat	https://de.wikipedia.org/wiki/Palmitinsäureascorbylester	Fettsäureester von Ascorbinsäure, löslich und wirksam in Fetten.	nicht festgelegt
E 306	Stark tocopherolhaltige Extrakte		Vitamin E, natürliche oder naturidentische Antioxidantien. Es schützt Fette, Vitamine und einige natürliche Farbstoffe.	0,15 bis 0,2 (bezogen auf die als Vitamin wirksamen Tocopherole)
E 307	Alpha-Tocopherol	https://de.wikipedia.org/wiki/Tocopherol	Vitamin E, natürliche oder naturidentische Antioxidantien. Es schützt Fette, Vitamine und einige natürliche Farbstoffe.	0,15 bis 0,2 (bezogen auf die als Vitamin wirksamen Tocopherole)
E 308	Gamma-Tocopherol		Vitamin E, natürliche oder naturidentische Antioxidantien. Es schützt Fette, Vitamine und einige natürliche Farbstoffe.	0,15 bis 0,2 (bezogen auf die als Vitamin wirksamen Tocopherole)
E 309	Delta-Tocopherol		Vitamin E, natürliche oder naturidentische Antioxidantien. Es schützt Fette, Vitamine und einige natürliche Farbstoffe.	0,15 bis 0,2 (bezogen auf die als Vitamin wirksamen Tocopherole)
E 310	Propylgallat	https://de.wikipedia.org/wiki/Propylgallat	Verbindungen der Gallussäure, synthetische Antioxidantien. Gallate verhindern, dass Fette verderben und ranzig werden.	0,5
E 311	Octylgallat	https://de.wikipedia.org/wiki/Octylgallat	Verbindungen der Gallussäure, synthetische Antioxidantien. Gallate verhindern, dass Fette verderben und ranzig werden.	0,5
E 312	Dodecylgallat	https://de.wikipedia.org/wiki/Dodecylgallat	Verbindungen der Gallussäure, synthetische Antioxidantien. Gallate verhindern, dass Fette verderben und ranzig werden.	0,5
E 315	Isoascorbinsäure	https://de.wikipedia.org/wiki/Isoascorbinsäure	Isomere der Ascorbinsäure, nur geringe Vitaminwirkung, wirkt Farb- und Geschmacksverlusten entgegen.	6
E 316	Natriumisoascorbat	https://de.wikipedia.org/wiki/Natriumisoascorbat	Isomere der Ascorbinsäure, nur geringe Vitaminwirkung, wirkt Farb- und Geschmacksverlusten entgegen.	6
E 319	tert-Butylhydrochinon (TBHQ)	https://de.wikipedia.org/wiki/Tert-Butylhydrochinon	Antioxidans für verschiedene tierische Fette.	0,7
E 320	Butylhydroxyanisol (BHA)	https://de.wikipedia.org/wiki/Butylhydroxyanisol	Die antioxidativen Eigenschaften des chemisch sehr stabilen BHA und BHT bleiben auch nach dem Backen oder Frittieren in den Lebensmitteln erhalten.	0,5
E 321	Butylhydroxytoluol (BHT)	https://de.wikipedia.org/wiki/Butylhydroxytoluol	Die antioxidativen Eigenschaften des chemisch sehr stabilen BHA und BHT bleiben auch nach dem Backen oder Frittieren in den Lebensmitteln erhalten.	0,25
E 322	Lecithin	https://de.wikipedia.org/wiki/Lecithin	Emulgator, Mehlbehandlungsmittel. Lecithin verbessert die Knet- und Formeigenschaften von Teigen und verlangsamt das Altbackenwerden von Gebäck. In Margarine sorgt Lecithin dafür, dass sie in der Pfanne nicht spritzt.	nicht festgelegt
E 325	Natriumlactat	https://de.wikipedia.org/wiki/Natriumlactat	Salze der Milchsäure E 270. Lactate werden zur Regulation des Säuregrades eingesetzt.	nicht festgelegt
E 326	Kaliumlactat	https://de.wikipedia.org/wiki/Kaliumlactat	Salze der Milchsäure E 270. Lactate werden zur Regulation des Säuregrades eingesetzt.	nicht festgelegt
E 327	Calciumlactat	https://de.wikipedia.org/wiki/Calciumlactat	Salze der Milchsäure E 270. Lactate werden zur Regulation des Säuregrades eingesetzt.	nicht festgelegt
E 330	Citronensäure	https://de.wikipedia.org/wiki/Citronensäure	Fruchtsäure, wird mikrobiologisch gewonnen. Erhält Fette, Farben, Aromen und Vitamingehalt vieler Lebensmittel.	nicht festgelegt
E 331	Mononatriumcitrat, Dinatriumcitrat, Trinatriumcitrat		Salze der Citronensäure E 330. Citrate werden insbesondere als Regulatoren für Geliervorgänge mit Pektin und als Festigungsmittel für Früchte und Gemüse eingesetzt.	nicht festgelegt
E 332	Monokaliumcitrat, Trikaliumcitrat		Salze der Citronensäure E 330. Citrate werden insbesondere als Regulatoren für Geliervorgänge mit Pektin und als Festigungsmittel für Früchte und Gemüse eingesetzt.	nicht festgelegt
E 333	Monocalciumcitrat, Dicalciumcitrat, Tricalciumcitrat		Salze der Citronensäure E 330. Citrate werden insbesondere als Regulatoren für Geliervorgänge mit Pektin und als Festigungsmittel für Früchte und Gemüse eingesetzt.	nicht festgelegt
E 334	L-(+)-Weinsäure	https://de.wikipedia.org/wiki/Weinsäure	Fruchtsäure, aus Weinrückständen gewonnen. Einsatz als Säuerungsmittel und Säureregulator.	30
E 335	Mononatriumtartrat, Dinatriumtartrat		Salze der L-(+)-Weinsäure E 334. Natrium- und Kaliumtartrate bilden stabile Komplexe und unterstützen so die Wirkung von Antioxidationsmitteln. Kaliumtartrat ist insbesondere als Säureträger für Backpulver weit verbreitet.	30 (für die Summe aller Tartrate)
E 336	Monokaliumtartrat, Dikaliumtartrat		Salze der L-(+)-Weinsäure E 334. Natrium- und Kaliumtartrate bilden stabile Komplexe und unterstützen so die Wirkung von Antioxidationsmitteln. Kaliumtartrat ist insbesondere als Säureträger für Backpulver weit verbreitet.	30 (für die Summe aller Tartrate)
E 337	Kaliumnatriumtartrat		Salze der L-(+)-Weinsäure E 334. Natrium- und Kaliumtartrate bilden stabile Komplexe und unterstützen so die Wirkung von Antioxidationsmitteln. Kaliumtartrat ist insbesondere als Säureträger für Backpulver weit verbreitet.	30 (für die Summe aller Tartrate)
E 338	Phosphorsäure	https://de.wikipedia.org/wiki/Phosphorsäure	Orthophosphorsäure, Monophosphorsäure wird vor allem als Säuerungsmittel eingesetzt. Phosphorsäure ist darüber hinaus der Ausgangsstoff für die Herstellung verschiedener Phosphate.	70 (für die Summe von Phosphorsäure und aller Phosphate)
E 339	Mononatriumphosphat, Dinatriumphosphat, Trinatriumphosphat		Phosphate stabilisieren den Säuregrad von Lebensmitteln und unterstützen die Wirkung von Gelier- und Verdickungsmitteln, indem sie Calcium-, Magnesium-, Eisen- und Schwermetallionen in festen Komplexen binden.	70 (für die Summe von Phosphorsäure und aller Phosphate)
E 340	Monokaliumphosphat, Dikaliumphosphat, Trikaliumphosphat		Phosphate stabilisieren den Säuregrad von Lebensmitteln und unterstützen die Wirkung von Gelier- und Verdickungsmitteln, indem sie Calcium-, Magnesium-, Eisen- und Schwermetallionen in festen Komplexen binden.	70 (für die Summe von Phosphorsäure und aller Phosphate)
E 341	Monocalciumphosphat, Dicalciumphosphat, Tricalciumphosphat		Phosphate stabilisieren den Säuregrad von Lebensmitteln und unterstützen die Wirkung von Gelier- und Verdickungsmitteln, indem sie Calcium-, Magnesium-, Eisen- und Schwermetallionen in festen Komplexen binden.	70 (für die Summe von Phosphorsäure und aller Phosphate)
E 343	Magnesiumphosphate: Monomagnesiumphosphat, Dimagnesiumphosphat und Trimagnesiumphosphat	https://de.wikipedia.org/wiki/Magnesiumphosphate	Magnesiumphosphate haften sehr gut an Lebensmitteloberflächen und verhindern als Trennmittel das Verkleben, Anbacken und Festwerden.	70 (für die Summe von Phosphorsäure und aller Phosphate)
E 350	Natriumhydrogenmalat, Natriummalat	https://de.wikipedia.org/wiki/Natriummalat	Malate sind als Säureregulatoren für Obst- und Gemüsekonserven, Konfitüre, Marmelade, Gelee und Fruchtsäfte zugelassen.	nicht festgelegt
E 351	Kaliummalat	https://de.wikipedia.org/wiki/Kaliummalat	Malate sind als Säureregulatoren für Obst- und Gemüsekonserven, Konfitüre, Marmelade, Gelee und Fruchtsäfte zugelassen.	nicht festgelegt
E 352	Calciummalat, Calciumhydrogenmalat	https://de.wikipedia.org/wiki/Calciummalat	Malate sind als Säureregulatoren für Obst- und Gemüsekonserven, Konfitüre, Marmelade, Gelee und Fruchtsäfte zugelassen.	nicht festgelegt
E 353	Metaweinsäure		Metaweinsäure ist ausschließlich für Wein, Schaumwein und sogenannten „made wine“, der vollständig aus Traubenmostkonzentrat hergestellt wird, zugelassen.	nicht festgelegt
E 354	Calciumtartrat	https://de.wikipedia.org/wiki/Calciumtartrat	Salz der Weinsäure E 334. Tartrate bilden mit Eisen- und Schwermetallionen stabile Komplexe und unterstützen so die Wirkung von Antioxidationsmitteln.	30 (für die Summe aller Tartrate)
E 355	Adipinsäure	https://de.wikipedia.org/wiki/Adipinsäure	Säureregulator, Kochsalzersatz und Geschmacksverstärker.	5,0 (für die Summe aller Adipate)
E 356	Natriumadipat	https://de.wikipedia.org/wiki/Natriumadipat	Säureregulator, Kochsalzersatz und Geschmacksverstärker.	5,0 (für die Summe aller Adipate)
E 357	Kaliumadipat	https://de.wikipedia.org/wiki/Kaliumadipat	Säureregulator, Kochsalzersatz und Geschmacksverstärker.	5,0 (für die Summe aller Adipate)
E 363	Bernsteinsäure	https://de.wikipedia.org/wiki/Bernsteinsäure	Fruchtsäure, synthetisch hergestellt, Geschmacksverstärker, Säuerungsmittel und Kochsalzersatz.	nicht festgelegt
E 380	Ammoniumcitrat	https://de.wikipedia.org/wiki/Ammoniumcitrat	Salz der Citronensäure E 330. Ammoniumcitrate werden insbesondere als Regulator für Geliervorgänge mit Pektin eingesetzt.	nicht festgelegt
E 392	Extrakt aus Rosmarin		Rosmarinextrakt mit einem Gehalt an Carnosolsäure und Carnosol mit zusammen mindestens 90 % des Gesamtgehalts an phenolischen Diterpenen	nicht festgelegt
E 385	Calciumdinatriumethylendiamin-tetraacetat (CaNa2EDTA, Calciumdinatriumsalz von EDTA / H4EDTA)	https://de.wikipedia.org/wiki/Ethylendiamintetraessigsäure	Komplexbildner zur Konservierung. Verhütet Verfärbungen bei Gemüsekonserven, Fischen und Garnelen.	2,5
E 586	4-Hexylresorcin	https://de.wikipedia.org/wiki/4-Hexylresorcin	Antioxidationsmittel für frische, gefrorene und tiefgefrorene Krebstiere, verhindert die Braunfärbung.	nicht festgelegt
E 420	Sorbit, Sorbitsirup	https://de.wikipedia.org/wiki/Sorbit	Zuckeralkohol der Glucose. Sorbit hat etwa die halbe Süßkraft von Haushaltszucker (Saccharose). Wird ohne Insulin verstoffwechselt und eignet sich daher für Diabetikerlebensmittel.	nicht festgelegt
E 421	Mannit	https://de.wikipedia.org/wiki/Mannit	Zuckeralkohol von Mannose. Mannit hat etwa die halbe Süßkraft des Zuckers. Wird ohne Insulin verstoffwechselt und eignet sich daher für Diabetikerlebensmittel.	nicht festgelegt
E 950	Acesulfam K	https://de.wikipedia.org/wiki/Acesulfam_K	Süßstoff. Acesulfam-K wird vor allem in zuckerreduzierten Lebensmitteln einzeln oder in Kombination mit Aspartam (E951) bzw. anderen Süßstoffen eingesetzt.	9
E 951	Aspartam	https://de.wikipedia.org/wiki/Aspartam	Süßstoff, etwa 200-mal süßer als Haushaltszucker (Saccharose), verliert die Süßkraft jedoch bei großer Hitze und in Gegenwart von Säuren. Aspartam ist daher nicht zum Kochen und Backen geeignet.	40
E 952	Cyclohexansulfamidsäure, Natriumcyclamat, Calciumcyclamat		Süßstoffe. Cyclamate verstärken die Wirkung anderer Süßstoffe und Zuckeraustauschstoffe und werden daher oft in Mischungen eingesetzt.	7
E 953	Isomalt		Zuckeralkohol der Saccharose, Zuckeraustauschstoff. Isomalt ist ein Gemisch aus zwei Stoffen und hat etwa die halbe Süßkraft des Zuckers. Wird ohne Insulin verstoffwechselt und eignet sich daher für Diabetikerlebensmittel.	nicht festgelegt
E 954	Saccharin, Saccharin-Natrium, Saccharin-Calcium, Saccharin-Kalium	https://de.wikipedia.org/wiki/Saccharin	Süßstoffe. Ihre Süßkraft ist etwa 450–550-mal so groß wie die des Zuckers (Saccharose), haben jedoch einen bitteren bis metallischen Beigeschmack.	2,5
E 955	Sucralose	https://de.wikipedia.org/wiki/Sucralose	Künstlicher Süßstoff. Die weißen, leicht wasserlöslichen Kristalle haben eine Süßkraft, die etwa 600-mal stärker ist als die des Zuckers.	15
E 957	Thaumatin	https://de.wikipedia.org/wiki/Thaumatin	Natürlicher Süßstoff und Geschmacksverstärker. Thaumatin ist ein Gemisch aus verschiedenen Eiweißen, das natürlicher Bestandteil des westafrikanischen Katemfe-Strauches (Thaumatococcus daniellii) ist. Die Süße des Thaumatins ist etwa 2500-mal stärker als die des Zuckers.	nicht festgelegt
E 959	Neohesperidin-Dihydrochalkon	https://de.wikipedia.org/wiki/Neohesperidin-Dihydrochalkon	Natürlicher Süßstoff. Neohesperidin-Dihydrochalkon ist ein Abkömmling eines bitter schmeckenden Stoffes aus der Gruppe der Flavonone, der in Zitrusfrüchten vorkommt.	5
E 960	Steviolglykoside	https://de.wikipedia.org/wiki/Stevia	Der Süßstoff wird als natürlicher Extrakt aus den Blättern der Pflanze Stevia rebaudiana gewonnen und ist mit einem Mindestgehalt von 95 % zugelassen.	4
E 961	Neotam	https://de.wikipedia.org/wiki/Neotam	Neotam ist ein extrem starkes Süßungsmittel, dessen Süßkraft 7.000–13.000-mal größer ist als die von Saccharose. Verwendung in nichtalkoholischen Getränken, Süßspeisen und Süßwaren.	2
E 962	Aspartam-Acesulfam-Salz	https://de.wikipedia.org/wiki/Aspartam-Acesulfam-Salz	Süßstoff, Verbindung von E 950 mit E 951. Die Süßkraft des Salzes ist etwa 350-mal größer als die des Haushaltszuckers und damit auch größer als eine einfache Mischung beider Süßstoffe.	20
E 964	Polyglycitolsirup		EU: Nicht zugelassen Schweiz: Zugelassen	20
E 965	Maltit Maltitsirup	https://de.wikipedia.org/wiki/Maltit	Zuckeralkohol der Maltose, Zuckeraustauschstoff. Reines Maltit wird ohne Insulin verstoffwechselt und eignet sich daher für Diabetikerlebensmittel. Maltit-Sirup enthält neben 50–77 % Maltit auch Glucose und kurzkettige Mehrfachzucker. Maltit-Sirup kommt daher für Diabetiker-Lebensmittel nicht in Frage.  Zuckeralkohol der Maltose, Zuckeraustauschstoff. Reines Maltit wird ohne Insulin verstoffwechselt und eignet sich daher für Diabetikerlebensmittel. Maltit-Sirup enthält neben 50–77 % Maltit auch Glucose und kurzkettige Mehrfachzucker. Maltit-Sirup kommt daher für Diabetiker-Lebensmittel nicht in Frage.	nicht festgelegt
E 966	Lactitol	https://de.wikipedia.org/wiki/Lactitol	Zuckeralkohol der Lactose, Zuckeraustauschstoff. Wird ohne Insulin verstoffwechselt und eignet sich daher für Diabetikerlebensmittel.	nicht festgelegt
E 967	Xylitol	https://de.wikipedia.org/wiki/Xylitol	Zuckeralkohol der Xylose. Als einziger Zuckeraustauschstoff ist Xylit auch bei Stoffwechseldefekten gut verträglich. Wird ohne Insulin verstoffwechselt und eignet sich daher für Diabetikerlebensmittel.	nicht festgelegt
E 968	Erythrit	https://de.wikipedia.org/wiki/Erythrit	Zuckeralkohol der Erythrose, Zuckeraustauschstoff. Wird als Geschmacksverstärker, Trägerstoff, Feuchthaltemittel, Stabilisator, Verdickungsmittel, Füllstoff und Komplexbildner eingesetzt.	nicht festgelegt
E 969	Advantam	https://de.wikipedia.org/wiki/Advantam	Advantam ist ein extrem starkes Süßungsmittel, dessen Süßkraft bis zu 37.000-mal größer ist als die von Saccharose.	5
E 322	Lecithin	https://de.wikipedia.org/wiki/Lecithin	Emulgator und Mehlbehandlungsmittel. Lecithin verbessert die Knet- und Formeigenschaften von Teigen und verlangsamt das Altbackenwerden von Gebäck. In Margarine sorgt es dafür, dass sie in der Pfanne nicht spritzt.	nicht festgelegt
E 400	Alginsäure	https://de.wikipedia.org/wiki/Alginsäure	Gelier-, Verdickungs- und Überzugsmittel, aus Braunalgenarten gewonnen. Alginate sind wasserlöslich aber empfindlich gegen Hitze und Säuren. Im Zusammenspiel mit Calcium-Ionen bildet sie Gele, die koch-, gefrier- und backstabil sind.	nicht festgelegt
E 401	Natriumalginat	https://de.wikipedia.org/wiki/Natriumalginat	Schweiz: Darf nicht in Gelee-Süßwaren in Minibechern verwendet werden.	nicht festgelegt
E 402	Kaliumalginat	https://de.wikipedia.org/wiki/Kaliumalginat	Schweiz: Darf nicht in Gelee-Süßwaren in Minibechern verwendet werden.	nicht festgelegt
E 403	Ammoniumalginat	https://de.wikipedia.org/wiki/Ammoniumalginat	Schweiz: Darf nicht in Gelee-Süßwaren in Minibechern verwendet werden.	nicht festgelegt
E 404	Calciumalginat	https://de.wikipedia.org/wiki/Calciumalginat	Schweiz: Darf nicht in Gelee-Süßwaren in Minibechern verwendet werden.	nicht festgelegt
E 405	Propylenglycolalginat	https://de.wikipedia.org/wiki/Propylenglycolalginat	Ester der Alginsäure E 400, Emulgator, Stabilisator, Verdickungsmittel. Es ist wasserlöslich und weniger empfindlich gegen Säuren und Calcium als die anderen Alginate. Schweiz: Darf nicht in Gelee-Süßwaren in Minibechern verwendet werden.	25
E 406	Agar-Agar	https://de.wikipedia.org/wiki/Agar-Agar	Füllstoff, Geliermittel, Verdickungsmittel. Agar-Agar ist ein Bestandteil der Zellwände bestimmter Rotalgen-Arten. Schon in geringer Dosierung bildet es feste Gele, die auch nach einem weiteren Erwärmen wieder stabil werden. Schweiz: Darf nicht in Gelee-Süßwaren in Minibechern verwendet werden.	nicht festgelegt
E 407	Carrageen	https://de.wikipedia.org/wiki/Carrageen	Gelier-, Verdickungsmittel. Carrageen ist eine Sammelbezeichnung für eine Gruppe langkettiger Kohlenhydrate (Polysaccharide). Zur Herstellung sehr stabiler Gele oder auch zäher Flüssigkeiten. Schweiz: Darf nicht in Gelee-Süßwaren in Minibechern verwendet werden.	75
E 407a	Verarbeitete Eucheuma-Algen	https://de.wikipedia.org/wiki/Eucheuma	Geliermittel, Verdickungsmittel. Ausschließlich aus Euchema-Algen wird ein Extrakt gewonnen, der reich an langkettigen Kohlenhydraten (Polysacchariden) ist. Schweiz: Darf nicht in Gelee-Süßwaren in Minibechern verwendet werden.	20
E 410	Johannisbrotkernmehl	https://de.wikipedia.org/wiki/Johannisbrotkernmehl	Stabilisator, Verdickungsmittel aus Samen der Tropenfrucht Johannisbrot. Schweiz: Darf nicht in Gelee-Süßwaren in Minibechern verwendet werden, darf nicht zur Herstellung künstlich getrockneter Lebensmittel verwendet werden, die beim Verzehr aufquellen sollen.	nicht festgelegt
E 412	Guarkernmehl	https://de.wikipedia.org/wiki/Guarkernmehl	Füllstoff, Geliermittel, Mehlbehandlungsmittel, Verdickungsmittel aus Samen der tropischen Guarpflanze. Guarkernmehl verstärkt die Wirkung anderer pflanzlicher Verdickungsmittel. Schweiz: Darf nicht in Gelee-Süßwaren in Minibechern verwendet werden, darf nicht zur Herstellung künstlich getrockneter Lebensmittel verwendet werden, die beim Verzehr aufquellen sollen.	nicht festgelegt
E 413	Traganth	https://de.wikipedia.org/wiki/Traganth	Füllstoff, Geliermittel, Verdickungsmittel aus Harzen tropischer Sträucher der Gattung Astragalus. Schon in geringen Mengen macht Traganth Flüssigkeiten stark zähflüssig. Schweiz: Darf nicht in Gelee-Süßwaren in Minibechern verwendet werden.	nicht festgelegt
E 414	Gummi arabicum	https://de.wikipedia.org/wiki/Gummi_arabicum	Füllstoff, Stabilisator, Verdickungsmittel aus Harzen in Afrika beheimateter Akazienarten. Es stabilisiert vor allem Fett-Wasser-Mischungen (Emulsionen) und Schäume. Schweiz: Darf nicht in Gelee-Süßwaren in Minibechern verwendet werden.	nicht festgelegt
E 415	Xanthan	https://de.wikipedia.org/wiki/Xanthan	Füllstoff, Geliermittel, Verdickungsmittel. Xanthan macht Flüssigkeiten wegen seiner enormen Quell- und Wasserbindungsfähigkeit zu gelartigen Massen. Schweiz: Darf nicht in Gelee-Süßwaren in Minibechern verwendet werden, darf nicht zur Herstellung künstlich getrockneter Lebensmittel verwendet werden, die beim Verzehr aufquellen sollen.	nicht festgelegt
E 416	Karaya	https://de.wikipedia.org/wiki/Karaya	Geliermittel, Stabilisator, Verdickungsmittel. Gewonnen aus den Harzen der in Indien beheimateten Stinkbäume (Sterculia). Weil seine Gelierkraft in der Gegenwart von Milcheiweiß zunimmt, eignet es sich vor allem für Milchprodukte. Schweiz: Darf nicht in Gelee-Süßwaren in Minibechern verwendet werden, darf nicht zur Herstellung künstlich getrockneter Lebensmittel verwendet werden, die beim Verzehr aufquellen sollen.	12,5
E 417	Tarakernmehl	https://de.wikipedia.org/wiki/Tarakernmehl	Füllstoff, Verdickungsmittel. Aus den Samen des tropischen Tarastrauches (Caesalpinia spinosa). Tarakernmehl unterstützt zudem die gelbildende Wirkung von Agar-Agar (E 406), Carrageen (E 407) und Xanthan (E 415). Schweiz: Darf nicht in Gelee-Süßwaren in Minibechern verwendet werden, darf nicht zur Herstellung künstlich getrockneter Lebensmittel verwendet werden, die beim Verzehr aufquellen sollen.	nicht festgelegt
E 418	Gellan	https://de.wikipedia.org/wiki/Gellan	Geliermittel, Verdickungsmittel. Schon in geringer Konzentration bildet Gellan aus Flüssigkeiten feste, klare Gele, die bei Änderungen des Säuregrads und der Temperatur stabil bleiben. Schweiz: Darf nicht in Gelee-Süßwaren in Minibechern verwendet werden, darf nicht zur Herstellung künstlich getrockneter Lebensmittel verwendet werden, die beim Verzehr aufquellen sollen.	nicht festgelegt
E 422	Glycerin	https://de.wikipedia.org/wiki/Glycerin	Feuchthaltemittel. Wegen seiner wasserbindenden Eigenschaften wird Glycerin eingesetzt, um das Austrocknen von Lebensmitteln zu verhindern.	nicht festgelegt
E 425	Konjak-Gummi Konjak-Glucomannan	https://de.wikipedia.org/wiki/Glucomannane	Füllstoff, Geliermittel, Verdickungsmittel. Konjak quillt in Wasser langsam zu mitunter sehr festen Gelen auf, die eine hohe Reiß- und Druckfähigkeit haben. Spezifische Höchstmenge: 10 g/kg Lebensmittel, einzeln oder kombiniert. Schweiz: Darf nicht in Gelee-Süßwaren in Minibechern verwendet werden.	nicht festgelegt
E 426	Sojabohnen-Polyose		Emulgator, Verdickungsmittel, Stabilisator, Trennmittel. Stabilisiert Eiweißpartikel in saurem Milieu und sorgt beispielsweise bei Jogurtgetränken für eine gute Geschmacksentfaltung und ein sämiges Gefühl.	nicht festgelegt
E 427	Cassiagummi		Geliermittel, Verdickungsmittel. Aus den Samen von Cassia tora und Cassia obtusifoli.	nicht festgelegt
E 431	Polyoxyethylen(40)stearat		EU: Nicht zugelassen. Schweiz: Zugelassen.	nicht festgelegt
E 432	Polyoxyethylen-sorbitan-monolaurat		Emulgatoren, Stabilisatoren. Synthetisch hergestellte Ether von Fettsäuren mit Sorbit und Polyoxyethylen. Alle Polysorbate sind starke Emulgatoren. Sie stabilisieren die Struktur von Fetten und Schäumen und verhindern, dass Margarine und Frittierfette beim Erhitzen spritzen.	10 (als Summe aller Polysorbate)
E 433	Polyoxyethylen-sorbitan-monooleat	https://de.wikipedia.org/wiki/Polysorbat_80	Emulgatoren, Stabilisatoren. Synthetisch hergestellte Ether von Fettsäuren mit Sorbit und Polyoxyethylen. Alle Polysorbate sind starke Emulgatoren. Sie stabilisieren die Struktur von Fetten und Schäumen und verhindern, dass Margarine und Frittierfette beim Erhitzen spritzen.	10 (als Summe aller Polysorbate)
E 434	Polyoxyethylen-sorbitan-monopalmitat		Emulgatoren, Stabilisatoren. Synthetisch hergestellte Ether von Fettsäuren mit Sorbit und Polyoxyethylen. Alle Polysorbate sind starke Emulgatoren. Sie stabilisieren die Struktur von Fetten und Schäumen und verhindern, dass Margarine und Frittierfette beim Erhitzen spritzen.	10 (als Summe aller Polysorbate)
E 435	Polyoxyethylen-sorbitan-monostearat		Emulgatoren, Stabilisatoren. Synthetisch hergestellte Ether von Fettsäuren mit Sorbit und Polyoxyethylen. Alle Polysorbate sind starke Emulgatoren. Sie stabilisieren die Struktur von Fetten und Schäumen und verhindern, dass Margarine und Frittierfette beim Erhitzen spritzen.	10 (als Summe aller Polysorbate)
E 436	Polyoxyethylen-sorbitan-tristearat		Emulgatoren, Stabilisatoren. Synthetisch hergestellte Ether von Fettsäuren mit Sorbit und Polyoxyethylen. Alle Polysorbate sind starke Emulgatoren. Sie stabilisieren die Struktur von Fetten und Schäumen und verhindern, dass Margarine und Frittierfette beim Erhitzen spritzen.	10 (als Summe aller Polysorbate)
E 440	Pektin, amidiertes Pektin	https://de.wikipedia.org/wiki/Pektin	Füllstoff, Geliermittel, Stabilisator, Überzugsmittel, Verdickungsmittel. Aus Äpfeln oder Zitrusschalen. Amidpektin bildet schon mit sehr wenig Zucker stabile Gele, die bei Wärme schmelzen. Schweiz: Darf nicht in Gelee-Süßwaren in Minibechern verwendet werden.	nicht festgelegt nicht festgelegt
E 442	Ammoniumsalze der Phosphatidsäure	https://de.wikipedia.org/wiki/Phosphoglyceride	Ihre Emulgator-Wirkung wird zum Beispiel in der Herstellung von Schokolade genutzt, um deren Fließfähigkeit zu verbessern.	30
E 444	Saccharoseacetatisobutyrat SAIB	https://de.wikipedia.org/wiki/Saccharoseacetatisobutyrat	Stabilisator. SAIB ist gut geeignet, um Aromen, Farben und die Verteilung erwünschter Schwebstoffe in Flüssigkeiten stabil zu halten.	20
E 445	Glycerinester aus Wurzelharz		Stabilisator. Werden Aromen mit diesen Glycerinestern gemischt, können sie in Flüssigkeiten stabil verteilt werden.	12,5
E 450	Dinatriumdiphosphat, Trinatriumdiphosphat, Tetranatriumdisphosphat, Dikaliumdiphosphat, Tetrakaliumdiphosphat, Dicalciumdiphosphat, Calciumdihydrogendiphosphat		Komplexbildner, Säureregulatoren, Schmelzsalze. Salze der Diphosphorsäure. Diphosphate zeichnen sich durch eine besonders starke komplexbildende Wirkung aus und werden daher insbesondere als Kuttermittel und Schmelzsalze eingesetzt.	70 (für die Summe von Phosphorsäure und aller Phosphate)
E 451	Pentanatriumtriphosphat, Pentakaliumtriphosphat	https://de.wikipedia.org/wiki/Pentanatriumtriphosphat	Komplexbildner, Säureregulator, Schmelzsalz, Stabilisator. Salze der Triphosphorsäure. Die Fähigkeit der Triphosphate, Eiweiße zu lösen, ist stärker als bei den Diphosphaten.	70 (für die Summe von Phosphorsäure und aller Phosphate)
E 452	Natriumpolyphosphat, Kaliumpolyphosphat, Natriumcalciumpolyphosphat, Calciumpolyphosphat		Komplexbildner, Schmelzsalz, Stabilisator. Salze der Polyphosphorsäure. Von allen als Lebensmittelzusatzstoff zugelassenen Phosphaten sind die Polyphosphate die stärksten Eiweißlöser. Sie sind darüber hinaus sehr gut als Schmelzsalze geeignet.	70 (für die Summe von Phosphorsäure und aller Phosphate)
E 459	β-Cyclodextrin	https://de.wikipedia.org/wiki/Cyclodextrine	Füllstoff, Komplexbildner, Trägerstoff. Ringförmiges Dextrin, dessen Verbindung auch bei sehr hohen Temperaturen sowie in Gegenwart von Säuren und einigen Enzymen stabil bleibt.	5
E 460	mikrokristalline Cellulose, Cellulosepulver	https://de.wikipedia.org/wiki/Cellulose	Füllstoff, Stabilisator, Trennmittel. Cellulose ist unverdaulich und wird deshalb gerne in kalorienreduzierten Lebensmitteln eingesetzt, wo sie ein volles, sahniges Gefühl im Mund hervorruft ohne Energie zu liefern. Cellulose ist darüber hinaus als Stabilisator in Soßen oder Sahneerzeugnissen im Einsatz und verhindert die Eiskristallbildung bei Tiefkühlprodukten.	nicht festgelegt
E 461	Methylcellulose	https://de.wikipedia.org/wiki/Methylcellulose	Geliermittel, Stabilisator, Überzugsmittel, Verdickungsmittel. Methylcellulose verleiht Flüssigkeiten eine zähflüssige Konsistenz und bildet beim Erhitzen starke Gele aus.	nicht festgelegt
E 462	Ethylcellulose	https://de.wikipedia.org/wiki/Ethylcellulose	Verdickungsmittel, Trägerstoff, Überzugsmittel, Schaummittel. In Lebensmitteln kann Ethylcellulose als Binde- und Füllmittel, in Nahrungsergänzungspräparaten als Schutzüberzug Verwendung finden. Zudem stabilisiert die Ethylcellulose Wasser-Öl-Gemische.	nicht festgelegt
E 463	Hydroxypropylcellulose	https://de.wikipedia.org/wiki/Hydroxypropylcellulose	Emulgator, Füllstoff, Stabilisator, Überzugmittel, Verdickungsmittel. Sie verleiht Flüssigkeiten eine zähflüssige Konsistenz und bildet beim Erhitzen starke Gele aus.	nicht festgelegt
E 464	Hydroxypropylmethylcellulose	https://de.wikipedia.org/wiki/Hydroxypropylmethylcellulose	Emulgator, Füllstoff, Stabilisator, Verdickungsmittel. Sie verleiht Flüssigkeiten eine zähflüssige Konsistenz und bildet beim Erhitzen starke Gele aus.	nicht festgelegt
E 465	Ethylmethylcellulose	https://de.wikipedia.org/wiki/Ethylmethylcellulose	Füllstoff, Stabilisator, Trägerstoff, Verdickungsmittel. Sie verleiht Flüssigkeiten eine zähflüssige Konsistenz und bildet beim Erhitzen starke Gele aus.	nicht festgelegt
E 466	Carboxymethylcellulosen (CMC)	https://de.wikipedia.org/wiki/Carboxymethylcellulosen	Trägerstoff, Verdickungsmittel, Überzugsmittel. Zusammen mit Cellulose (E 460) ist Natrium-Carboxymethylcellulose in der Lage, feste Gele auszubilden. Weil sie sehr stabile glatte Filme bildet, wird sie auch als Überzugsmittel eingesetzt.	nicht festgelegt
E 468	Vernetzte Natriumcarboxymethylcellulose		Füllstoff, Verdickungsmittel. Sie ist in Wasser nicht löslich, quillt jedoch auf, ohne sich dabei feucht oder klebrig anzufühlen.	nicht festgelegt
E 469	enzymatisch hydrolysierte Carboxymethylcellulose		Füllstoff, Stabilisator. Als Füllstoff in energiereduzierten Lebensmitteln wird die Substanz eingesetzt, um bei weniger Fett die gleiche Konsistenz und Fülle zu erzeugen.	nicht festgelegt
E 470a	Natrium-, Kalium- und Calcium-Salze von Speisefettsäuren	https://de.wikipedia.org/wiki/Seife	Emulgator, Stabilisator, Trennmittel, Überzugsmittel. Natrium- und Kaliumsalze sind gut dazu geeignet, fettlösliche Substanzen als winzige Tröpfchen in ansonsten wässrigen Lösungen zu verteilen.	nicht festgelegt
E 470b	Magnesiumsalz von Speisefettsäuren	https://de.wikipedia.org/wiki/Kalkseife	Trägerstoff, Trennmittel, Überzugsmittel. Das feine Pulver hat sehr gute Hafteigenschaften und wird deshalb vor allem als Trennmittel eingesetzt.	nicht festgelegt
E 471	Mono- und Diglyceride von Speisefettsäuren (MDG)	https://de.wikipedia.org/wiki/Mono-_und_Diglyceride_von_Speisefettsäuren	Emulgator, Mehlbehandlungsmittel. In Backwaren gehen MDG Wechselwirkungen mit der enthaltenen Stärke ein, die dazu führen, dass diese ihre Wasserbindungsfähigkeit länger aufrechterhält und die Backwaren weniger schnell altbacken werden.	nicht festgelegt
E 472a	Essigsäureester von MDG		Emulgatoren, Trägerstoffe, Überzugsmittel. Verstärken die Wirkung anderer Emulgatoren, in dem sie die Kristallstruktur und Verformbarkeit von Fetten beeinflussen.	nicht festgelegt
E 472b	Milchsäureester von MDG		Emulgator, Mehlbehandlungsmittel, Stabilisator, Trägerstoff. Sie sind dazu geeignet, Luft in Lebensmitteln zu halten und beeinflussen so die Porenbildung und das Volumen von Backwaren.	nicht festgelegt
E 472c	Citronensäureester von MDG		Emulgatoren, Komplexbildner, Trägerstoffe. Citronensäureester sind in der Lage, Öl-in-Wasser-Emulsionen auszubilden, unterstützen die Wirkung von Antioxidantien und schützen so Fette vor dem Verderb.	nicht festgelegt
E 472d	Weinsäureester von MDG		Emulgatoren, Trägerstoffe. E 472d ist sehr schwer löslich und daher nur von geringer technologischer Bedeutung.	nicht festgelegt
E 472e	Mono- und Diacetylweinsäureester von MDG		Emulgatoren. Weil diese Esterverbindungen mit Proteinen und insbesondere Weizengluten starke Wechselwirkungen eingehen, sind sie vor allem in der Backwarenherstellung von großer Bedeutung.	50
E 472f	Gemischte Wein- und Essigsäureester von MDG		Emulgatoren, Mehlbehandlungsmittel. Wirkungen und Anwendungen wie E 472e.	nicht festgelegt
E 473	Zuckerester von Speisefettsäuren	https://de.wikipedia.org/wiki/Zuckerester	Emulgator, Mehlbehandlungsmittel. Zuckerester unterscheiden sich in ihrer Wirksamkeit danach, welche Fettsäure überwiegt und wie groß der Saccharoseanteil ist.	30 (für die Summe aus Zuckerester und Zuckerglyceriden E 474)
E 474	Zuckerglyceride	file:///w/index.php%3Ftitle=Zuckerglyceride&action=edit&redlink=1	Emulgator, Mehlbehandlungsmittel. Zuckerester unterscheiden sich in ihrer Wirksamkeit danach, welche Fettsäure überwiegt und wie groß der Saccharoseanteil ist.	30 (für die Summe aus Zuckerester und Zuckerglyceriden E 474)
E 475	Polyglycerinester von Speisefettsäuren		Backemulgator, Schaumverhüter. Diese Esterverbindungen sind auch bei hohen Temperaturen stabil. Zudem halten sie mit Luft aufgeschlagene Lebensmittel stabil und verhindern das unerwünschte Spritzen von Fetten beim Erhitzen.	25
E 476	Polyglycerin-Polyricinoleat (PGPR)	https://de.wikipedia.org/wiki/Polyglycerin-Polyricinoleat	Schokoladenemulgator. Die Verbindung von Polyglycerin und Polyrizinsäure verringert die Zähflüssigkeit von Schokoladenmassen und verbessert ihre Fließfähigkeit.	7,5
E 477	Propylenglycolester von Speisefettsäuren verestert		Emulgator. Unterstützen die Wirkung anderer Emulgatoren, indem sie die Kristallform von Fetten beeinflussen.	25
E 479b	Thermooxidiertes Sojaöl, mit MDG verestert		Backemulgator TOSOM, Schaumverhütungsmittel, Trennmittel. Ein Gemisch, das starke Emulgatoreigenschaften hat.	25
E 481	Natriumstearoyl-2-lactylat (NSL)	https://de.wikipedia.org/wiki/Natriumstearoyl-2-lactylat	Emulgator, Mehlbehandlungsmittel. Wegen seiner Wechselwirkungen mit Gluten verbessert Natriumstearoyl-2-lactylat die Backeigenschaften von Mehlen. Als Emulgator mit den Eiweißen der Milch sorgt E 481 für bessere Schaumbildung.	22
E 482	Calciumstearoyl-2-lactylat (CSL)	https://de.wikipedia.org/wiki/Calciumstearoyl-2-lactylat	Emulgator, Mehlbehandlungsmittel. Wegen seiner Wechselwirkungen mit Gluten verbessert Natriumstearoyl-2-lactylat die Backeigenschaften von Mehlen. Als Emulgator mit den Eiweißen der Milch sorgt E 481 für bessere Schaumbildung.	22
E 483	Stearyltartrat	https://de.wikipedia.org/wiki/Stearyltartrat	Emulgator, Mehlbehandlungsmittel. Stearyltartrat ist in der Lage, Öl-in-Wasser-Emulsionen auszubilden. Weil die Verbindungen mit Proteinen und insbesondere dem Weizengluten Wechselwirkungen eingehen, sind sie vor allem in der Backwarenherstellung von Bedeutung.	nicht festgelegt
E 491	Sorbitanmonostearat	https://de.wikipedia.org/wiki/Sorbitanmonostearat	Emulgatoren. Sorbitane sind die Esterverbindungen des Sorbits (E 420) mit unterschiedlichen Speisefettsäuren. Die Verbindungen wirken emulgierend und haben darüber hinaus eine stabilisierende Wirkung auf die Kristallstruktur fester Fette. Sie begünstigen den Lufteinschluss in Lebensmitteln und sorgen so oftmals für ein schaumiges, lockeres Gefühl im Mund.	10 (als Sorbitan, berechnet aus der Summe aller Sorbitanfettsäureester)
E 492	Sorbitantristearat	https://de.wikipedia.org/wiki/Sorbitantristearat	Emulgatoren. Sorbitane sind die Esterverbindungen des Sorbits (E 420) mit unterschiedlichen Speisefettsäuren. Die Verbindungen wirken emulgierend und haben darüber hinaus eine stabilisierende Wirkung auf die Kristallstruktur fester Fette. Sie begünstigen den Lufteinschluss in Lebensmitteln und sorgen so oftmals für ein schaumiges, lockeres Gefühl im Mund.	10 (als Sorbitan, berechnet aus der Summe aller Sorbitanfettsäureester)
E 493	Sorbitanmonolaurat	https://de.wikipedia.org/wiki/Sorbitanmonolaurat	Emulgatoren. Sorbitane sind die Esterverbindungen des Sorbits (E 420) mit unterschiedlichen Speisefettsäuren. Die Verbindungen wirken emulgierend und haben darüber hinaus eine stabilisierende Wirkung auf die Kristallstruktur fester Fette. Sie begünstigen den Lufteinschluss in Lebensmitteln und sorgen so oftmals für ein schaumiges, lockeres Gefühl im Mund.	10 (als Sorbitan, berechnet aus der Summe aller Sorbitanfettsäureester)
E 494	Sorbitanmonooleat	https://de.wikipedia.org/wiki/Sorbitanmonooleat	Emulgatoren. Sorbitane sind die Esterverbindungen des Sorbits (E 420) mit unterschiedlichen Speisefettsäuren. Die Verbindungen wirken emulgierend und haben darüber hinaus eine stabilisierende Wirkung auf die Kristallstruktur fester Fette. Sie begünstigen den Lufteinschluss in Lebensmitteln und sorgen so oftmals für ein schaumiges, lockeres Gefühl im Mund.	10 (als Sorbitan, berechnet aus der Summe aller Sorbitanfettsäureester)
E 495	Sorbitanmonopalmitat	https://de.wikipedia.org/wiki/Sorbitanmonopalmitat	Emulgatoren. Sorbitane sind die Esterverbindungen des Sorbits (E 420) mit unterschiedlichen Speisefettsäuren. Die Verbindungen wirken emulgierend und haben darüber hinaus eine stabilisierende Wirkung auf die Kristallstruktur fester Fette. Sie begünstigen den Lufteinschluss in Lebensmitteln und sorgen so oftmals für ein schaumiges, lockeres Gefühl im Mund.	10 (als Sorbitan, berechnet aus der Summe aller Sorbitanfettsäureester)
E 500	Natriumcarbonate: E 500i: Natriumcarbonat, E 500ii: Natriumhydrogencarbonat, E 500iii: Natriumsesquicarbonat	https://de.wikipedia.org/wiki/Natriumcarbonat	Backtriebmittel, Säureregulator, Trägerstoff. Zu den Natriumcarbonaten gehören Soda (Natriumcarbonat, Dinatriumcarbonat), Natron (Natriumhydrogencarbonat, Natriumbicarbonat) und Natriumsesquicarbonat, das ein Mischkristall aus Soda und Natron ist.	nicht festgelegt
E 500i	E 500i: Natriumcarbonat	https://de.wikipedia.org/wiki/Natriumcarbonat	Backtriebmittel, Säureregulator, Trägerstoff. Zu den Natriumcarbonaten gehören Soda (Natriumcarbonat, Dinatriumcarbonat), Natron (Natriumhydrogencarbonat, Natriumbicarbonat) und Natriumsesquicarbonat, das ein Mischkristall aus Soda und Natron ist.	nicht festgelegt
E 500ii	E 500ii: Natriumhydrogencarbonat	https://de.wikipedia.org/wiki/Natriumhydrogencarbonat	Backtriebmittel, Säureregulator, Trägerstoff. Zu den Natriumcarbonaten gehören Soda (Natriumcarbonat, Dinatriumcarbonat), Natron (Natriumhydrogencarbonat, Natriumbicarbonat) und Natriumsesquicarbonat, das ein Mischkristall aus Soda und Natron ist.	nicht festgelegt
E 500iii	E 500iii: Natriumsesquicarbonat	https://de.wikipedia.org/wiki/Natriumsesquicarbonat	Backtriebmittel, Säureregulator, Trägerstoff. Zu den Natriumcarbonaten gehören Soda (Natriumcarbonat, Dinatriumcarbonat), Natron (Natriumhydrogencarbonat, Natriumbicarbonat) und Natriumsesquicarbonat, das ein Mischkristall aus Soda und Natron ist.	nicht festgelegt
E 501	Kaliumcarbonat (Pottasche)	https://de.wikipedia.org/wiki/Kaliumcarbonat	Backtriebmittel, Säureregulator, Trennmittel. Kaliumcarbonate werden durch den Kontakt mit Säuren abgebaut. Dabei wird Kohlendioxid frei, wodurch zum Beispiel Teige ihr Volumen vergrößern.	nicht festgelegt
E 503	Ammoniumcarbonate: E 503i: Ammoniumcarbonat, E 503ii: Ammoniumhydrogencarbonat	https://de.wikipedia.org/wiki/Ammoniumcarbonat	Backtriebmittel, Säureregulator. Salze der Kohlensäure E 290 und der Carbaminsäure. Zu den Ammoniumcarbonaten gehören Ammoniumcarbonat, Ammoniumhydrogencarbonat (Hirschhornsalz) und Ammoniumcarbaminat.	nicht festgelegt
E 503i	E 503i: Ammoniumcarbonat,	https://de.wikipedia.org/wiki/Ammoniumcarbonat	Backtriebmittel, Säureregulator. Salze der Kohlensäure E 290 und der Carbaminsäure. Zu den Ammoniumcarbonaten gehören Ammoniumcarbonat, Ammoniumhydrogencarbonat (Hirschhornsalz) und Ammoniumcarbaminat.	nicht festgelegt
E 503ii	E 503ii: Ammoniumhydrogencarbonat	https://de.wikipedia.org/wiki/Ammoniumhydrogencarbonat	Backtriebmittel, Säureregulator. Salze der Kohlensäure E 290 und der Carbaminsäure. Zu den Ammoniumcarbonaten gehören Ammoniumcarbonat, Ammoniumhydrogencarbonat (Hirschhornsalz) und Ammoniumcarbaminat.	nicht festgelegt
E 504	Magnesiumcarbonate: Magnesiumcarbonat, Magnesiumhydroxidcarbonat, Magnesiumhydrogencarbonat	https://de.wikipedia.org/wiki/Magnesiumcarbonat	Säureregulator, Trägerstoff, Trennmittel. Magnesiumsalze von E 290. Zu den Magnesiumcarbonaten gehört neben Magnesiumcarbonat (Magnesit) auch Magnesiumhydrogencarbonat. Durch den Kontakt mit Säuren werden sie abgebaut und geben dabei Kohlendioxid frei. Sie dienen zum Aufschluss von Kakao und Milcheiweiß sowie als Säureregulator in Tafelwasser.	nicht festgelegt
E 507	Salzsäure	https://de.wikipedia.org/wiki/Salzsäure	Säureregulator. Salzsäure wird überwiegend zur Einstellung eines erwünschten Säuregrades oder zur gezielten Spaltung von Eiweißen eingesetzt.	nicht festgelegt
E 508	Kaliumchlorid	https://de.wikipedia.org/wiki/Kaliumchlorid	Festigungsmittel, Geschmacksverstärker, Säureregulator, Trägerstoff. Salze der Salzsäure E 507. Kaliumchlorid wird vor allem wegen seiner geschmacksverstärkenden Wirkung eingesetzt. Calciumchlorid bildet mit Eiweißen feste Verbindungen, was vor allem in der Käseherstellung erwünscht ist. Zudem können Geliervorgänge mit Pektin (E 440) oder Alginaten (E 400) durch E 509 gesteuert werden. Darüber hinaus wird Calciumchlorid als Festigungsmittel in der Verarbeitung von Obst- und Gemüse eingesetzt. Magnesiumchlorid ist in der Lage, Feuchtigkeit auf der Oberfläche von Obst und Gemüse zu halten. Es wird zudem als Ersatz für Kochsalz eingesetzt.	nicht festgelegt
E 509	Calciumchlorid	https://de.wikipedia.org/wiki/Calciumchlorid	Festigungsmittel, Geschmacksverstärker, Säureregulator, Trägerstoff. Salze der Salzsäure E 507. Kaliumchlorid wird vor allem wegen seiner geschmacksverstärkenden Wirkung eingesetzt. Calciumchlorid bildet mit Eiweißen feste Verbindungen, was vor allem in der Käseherstellung erwünscht ist. Zudem können Geliervorgänge mit Pektin (E 440) oder Alginaten (E 400) durch E 509 gesteuert werden. Darüber hinaus wird Calciumchlorid als Festigungsmittel in der Verarbeitung von Obst- und Gemüse eingesetzt. Magnesiumchlorid ist in der Lage, Feuchtigkeit auf der Oberfläche von Obst und Gemüse zu halten. Es wird zudem als Ersatz für Kochsalz eingesetzt.	nicht festgelegt
E 511	Magnesiumchlorid	https://de.wikipedia.org/wiki/Magnesiumchlorid	Festigungsmittel, Geschmacksverstärker, Säureregulator, Trägerstoff. Salze der Salzsäure E 507. Kaliumchlorid wird vor allem wegen seiner geschmacksverstärkenden Wirkung eingesetzt. Calciumchlorid bildet mit Eiweißen feste Verbindungen, was vor allem in der Käseherstellung erwünscht ist. Zudem können Geliervorgänge mit Pektin (E 440) oder Alginaten (E 400) durch E 509 gesteuert werden. Darüber hinaus wird Calciumchlorid als Festigungsmittel in der Verarbeitung von Obst- und Gemüse eingesetzt. Magnesiumchlorid ist in der Lage, Feuchtigkeit auf der Oberfläche von Obst und Gemüse zu halten. Es wird zudem als Ersatz für Kochsalz eingesetzt.	nicht festgelegt
E 512	Zinn(II)-chlorid	https://de.wikipedia.org/wiki/Zinn(II)-chlorid	Antioxidationsmittel, Stabilisator. Zinn-II-chlorid ist ausschließlich für Spargelkonserven in Gläsern oder Dosen zugelassen.	nicht festgelegt
E 513	Schwefelsäure	https://de.wikipedia.org/wiki/Schwefelsäure	Säuerungsmittel. Zur Einstellung des Säuregrades oder zur gezielten Spaltung von Eiweißen.	nicht festgelegt
E 514	Natriumsulfat, Natriumhydrogensulfat	https://de.wikipedia.org/wiki/Natriumsulfat	Glaubersalz. Zu den Natriumsalzen der Schwefelsäure (E 513) gehören Natriumsulfat und Natriumhydrogensulfat.	nicht festgelegt
E 515	Kaliumsulfat, Kaliumhydrogensulfat	https://de.wikipedia.org/wiki/Kaliumsulfat	Kaliumsalze der Schwefelsäure E 513.	nicht festgelegt
E 516	Calciumsulfat	https://de.wikipedia.org/wiki/Gips	Calciumsalz der Schwefelsäure E 513, Gips.	nicht festgelegt
E 517	Ammoniumsulfat	https://de.wikipedia.org/wiki/Ammoniumsulfat	EU: Nicht zugelassen. Schweiz: Zugelassen.	nicht festgelegt
E 520	Aluminiumsulfat	https://de.wikipedia.org/wiki/Aluminiumsulfat	Festigungsmittel, Stabilisator. Aluminiumsulfate verleihen Obst- und Gemüsestücken größere Festigkeit und verfestigt essbare Wursthüllen aus Naturdarm sowie Überzüge aus anderen Geliermitteln.	1 mg/kg Körpergewicht (bezogen auf Aluminium)
E 521	Aluminiumnatriumsulfat	https://de.wikipedia.org/wiki/Aluminiumnatriumsulfat	Salze der Schwefelsäure E 513, Alaune. Sie werden wie Aluminiumsulfat (E 520) eingesetzt.	1 mg/kg Körpergewicht
E 522	Aluminiumkaliumsulfat	https://de.wikipedia.org/wiki/Aluminiumkaliumsulfat	Salze der Schwefelsäure E 513, Alaune. Sie werden wie Aluminiumsulfat (E 520) eingesetzt.	1 mg/kg Körpergewicht
E 523	Aluminiumammoniumsulfat	https://de.wikipedia.org/wiki/Aluminiumammoniumsulfat	Alaun, Salze der Schwefelsäure E 513. Es wird wie Aluminiumsulfat (E 520) eingesetzt.	1 mg/kg Körpergewicht
E 524	Natriumhydroxid	https://de.wikipedia.org/wiki/Natriumhydroxid	Auch Ätznatron. Natronlauge ist eine starke Base, die zum Einstellen und Stabilisieren gewünschter Säuregrade (pH-Werte) eingesetzt wird.	nicht festgelegt
E 525	Kaliumhydroxid	https://de.wikipedia.org/wiki/Kaliumhydroxid	Kalilauge ist eine starke Base, die zum Einstellen und Stabilisieren gewünschter Säuregrade (pH-Werte) eingesetzt wird. Kaliumhydroxid ist darüber hinaus zum Aufschluss von Stärke und Eiweiß geeignet.	nicht festgelegt
E 526	Calciumhydroxid	https://de.wikipedia.org/wiki/Calciumhydroxid	Kalkmilch ist eine starke, ätzende Base und wird unter anderem in der Aufbereitung von Trinkwasser eingesetzt. Es dient darüber hinaus dem Aufschluss von Eiweißen und Stärke, was zum Beispiel bei der Gewinnung von Restzuckern aus Melasse genutzt wird.	nicht festgelegt
E 527	Ammoniumhydroxid	https://de.wikipedia.org/wiki/Ammoniumhydroxid	Ammoniumhydroxid ist die wässrige Lösung des Ammoniaks. Weil es in der Lage ist, Säuren zu neutralisieren, wird Ammoniumhydroxid in der Aufbereitung von Trinkwasser eingesetzt. Es dient darüber hinaus dem Aufschluss von Milcheiweiß, Kakaoerzeugnissen und Eiprodukten.	nicht festgelegt
E 528	Magnesiumhydroxid	https://de.wikipedia.org/wiki/Magnesiumhydroxid	Säureregulator, Trennmittel. Magnesiumhydroxid wird zum Einstellen und Stabilisieren gewünschter Säuregrade (pH-Werte) genutzt und vor allem zur Trinkwasseraufbereitung eingesetzt. Darüber hinaus dient E 528 dem Aufschluss von Milcheiweiß und Kakaoerzeugnissen.	nicht festgelegt
E 529	Calciumoxid	https://de.wikipedia.org/wiki/Calciumoxid	Calciumoxid wird wegen seiner Herstellung auch Branntkalk genannt. Mit Wasser wird daraus Calciumhydroxid (E 526) hergestellt und entsprechend eingesetzt.	nicht festgelegt
E 530	Magnesiumoxid	https://de.wikipedia.org/wiki/Magnesiumoxid	Magnesia. Das weiße Pulver wirkt auf Säuren neutralisierend. Es wird unter anderem in der Trinkwasseraufbereitung eingesetzt, dient aber auch zum Aufschluss von Rohkakao und Milcheiweiß. Als Trennmittel sorgt es dafür, dass Pulver und Granulate nicht verklumpen und rieselfähig bleiben.	nicht festgelegt
E 535	Natriumferrocyanid	https://de.wikipedia.org/wiki/Natriumferrocyanid	Trennmittel. Ferrocyanide, auch als Blutlaugensalz bekannt, verbessern die Rieselfähigkeit des Speisesalzes, indem sie sich wie eine Hülle um die entstehenden Kristalle legen.	0,025 mg/kg Körpergewicht (für die Summe aller Ferrocyanide)
E 536	Kaliumferrocyanid	https://de.wikipedia.org/wiki/Kaliumferrocyanid	Kaliumferrocyanid wird auch als Klärmittel für Wein verwendet.	0,025 mg/kg Körpergewicht (für die Summe aller Ferrocyanide)
E 538	Calciumferrocyanid	https://de.wikipedia.org/wiki/Calciumferrocyanid	Kaliumferrocyanid wird auch als Klärmittel für Wein verwendet.	0,025 mg/kg Körpergewicht (für die Summe aller Ferrocyanide)
E 541	Saures Natriumaluminiumphosphat (SALP)		Backtriebmittel. SALP ist ein Abkömmling der Phosphorsäure (E 338). Es wird in Backpulvern als Säureträger eingesetzt.	1 mg/kg Körpergewicht
E 551	Siliciumdioxid	https://de.wikipedia.org/wiki/Siliciumdioxid	Füllstoff, Trägerstoff, Trennmittel. Als feinste Pulver verhindern Kieselsäure und Silikate das Verklumpen von Pulvern oder das Aneinanderkleben beispielsweise von Süßwaren, Käsescheiben, Kaugummis, Reis und Salz.	nicht festgelegt
E 552	Calciumsilicat	https://de.wikipedia.org/wiki/Calciumsilicat	Schweiz: E 559 nicht zugelassen. Bio Suisse hat auch die Zulassung von E 551, wegen Bedenken in Bezug auf die enthaltenen Nanopartikel, auf Anfang 2019 beendet.	nicht festgelegt
E 553a	Magnesiumsilicat, Magnesiumtrisilicat	https://de.wikipedia.org/wiki/Magnesiumsilicat	Schweiz: E 559 nicht zugelassen. Bio Suisse hat auch die Zulassung von E 551, wegen Bedenken in Bezug auf die enthaltenen Nanopartikel, auf Anfang 2019 beendet.	nicht festgelegt
E 553b	Talkum	https://de.wikipedia.org/wiki/Talkum	Schweiz: E 559 nicht zugelassen. Bio Suisse hat auch die Zulassung von E 551, wegen Bedenken in Bezug auf die enthaltenen Nanopartikel, auf Anfang 2019 beendet.	nicht festgelegt
E 554	Natriumaluminiumsilicat	https://de.wikipedia.org/wiki/Natriumaluminiumsilicat	Schweiz: E 559 nicht zugelassen. Bio Suisse hat auch die Zulassung von E 551, wegen Bedenken in Bezug auf die enthaltenen Nanopartikel, auf Anfang 2019 beendet.	nicht festgelegt
E 555	Kaliumaluminiumsilicate	https://de.wikipedia.org/wiki/Kaliumaluminiumsilicate	Schweiz: E 559 nicht zugelassen. Bio Suisse hat auch die Zulassung von E 551, wegen Bedenken in Bezug auf die enthaltenen Nanopartikel, auf Anfang 2019 beendet.	nicht festgelegt
E 556	Calciumaluminiumsilicat		Schweiz: E 559 nicht zugelassen. Bio Suisse hat auch die Zulassung von E 551, wegen Bedenken in Bezug auf die enthaltenen Nanopartikel, auf Anfang 2019 beendet.	nicht festgelegt
E 559	Aluminiumsilicat (Kaolin)	https://de.wikipedia.org/wiki/Kaolin	Schweiz: E 559 nicht zugelassen. Bio Suisse hat auch die Zulassung von E 551, wegen Bedenken in Bezug auf die enthaltenen Nanopartikel, auf Anfang 2019 beendet.	nicht festgelegt
E 570	Fettsäuren	https://de.wikipedia.org/wiki/Fettsäuren	Fettsäuren sind die Bausteine aller Fette und Öle. Sie sind vor allem als Rohstoffe für die Herstellung verschiedener Emulgatoren von Bedeutung.	nicht festgelegt
E 574	Gluconsäure	https://de.wikipedia.org/wiki/Gluconsäure	Milde Säuerungsmittel und Komplexbildner, die die Wirkung von Antioxidantien, Gelier- und Verdickungsmitteln unterstützen.	nicht festgelegt
E 575	Glucono-delta-lacton	https://de.wikipedia.org/wiki/Glucono-delta-lacton	Milde Säuerungsmittel und Komplexbildner, die die Wirkung von Antioxidantien, Gelier- und Verdickungsmitteln unterstützen.	nicht festgelegt
E 576	Natriumgluconat	https://de.wikipedia.org/wiki/Natriumgluconat	Milde Säuerungsmittel und Komplexbildner, die die Wirkung von Antioxidantien, Gelier- und Verdickungsmitteln unterstützen.	nicht festgelegt
E 577	Kaliumgluconat		Milde Säuerungsmittel und Komplexbildner, die die Wirkung von Antioxidantien, Gelier- und Verdickungsmitteln unterstützen.	nicht festgelegt
E 578	Calciumgluconat	https://de.wikipedia.org/wiki/Calciumgluconat	Milde Säuerungsmittel und Komplexbildner, die die Wirkung von Antioxidantien, Gelier- und Verdickungsmitteln unterstützen.	nicht festgelegt
E 579	Eisengluconat,	https://de.wikipedia.org/wiki/Eisengluconat	Eisen-II-gluconat ist ausschließlich zum Schwarzfärben grüner Oliven zugelassen.	0,8 mg/kg Körpergewicht
E 585	Eisenlactat		Eisen-II-gluconat ist ausschließlich zum Schwarzfärben grüner Oliven zugelassen.	0,8 mg/kg Körpergewicht
E 620	Glutaminsäure	https://de.wikipedia.org/wiki/Glutaminsäure	Glutamate, Würzmittel zur Geschmacksverstärkung, Ersatz für Kochsalz.	nicht festgelegt
E 621	Natriumglutamat	https://de.wikipedia.org/wiki/Natriumglutamat	Glutamate, Würzmittel zur Geschmacksverstärkung, Ersatz für Kochsalz.	nicht festgelegt
E 622	Monokaliumglutamat	https://de.wikipedia.org/wiki/Monokaliumglutamat	Glutamate, Würzmittel zur Geschmacksverstärkung, Ersatz für Kochsalz.	nicht festgelegt
E 623	Calciumdiglutamat	https://de.wikipedia.org/wiki/Calciumdiglutamat	Glutamate, Würzmittel zur Geschmacksverstärkung, Ersatz für Kochsalz.	nicht festgelegt
E 624	Monoammoniumglutamat	https://de.wikipedia.org/wiki/Monoammoniumglutamat	Glutamate, Würzmittel zur Geschmacksverstärkung, Ersatz für Kochsalz.	nicht festgelegt
E 625	Magnesiumdiglutamat	https://de.wikipedia.org/wiki/Magnesiumdiglutamat	Glutamate, Würzmittel zur Geschmacksverstärkung, Ersatz für Kochsalz.	nicht festgelegt
E 626	Guanylsäure	https://de.wikipedia.org/wiki/Guanylsäure	Guanylsäure und Guanylate wirken in salzhaltigen Lebensmitteln stark geschmacksverstärkend. In Mischungen mit Glutaminsäure (E 620) wird ihre Wirksamkeit erhöht.	nicht festgelegt
E 627	Dinatriumguanylat	https://de.wikipedia.org/wiki/Dinatriumguanylat	Guanylsäure und Guanylate wirken in salzhaltigen Lebensmitteln stark geschmacksverstärkend. In Mischungen mit Glutaminsäure (E 620) wird ihre Wirksamkeit erhöht.	nicht festgelegt
E 628	Dikaliumguanylat	https://de.wikipedia.org/wiki/Dikaliumguanylat	Guanylsäure und Guanylate wirken in salzhaltigen Lebensmitteln stark geschmacksverstärkend. In Mischungen mit Glutaminsäure (E 620) wird ihre Wirksamkeit erhöht.	nicht festgelegt
E 629	Calciumguanylat	https://de.wikipedia.org/wiki/Calciumguanylat	Guanylsäure und Guanylate wirken in salzhaltigen Lebensmitteln stark geschmacksverstärkend. In Mischungen mit Glutaminsäure (E 620) wird ihre Wirksamkeit erhöht.	nicht festgelegt
E 630	Inosinsäure	https://de.wikipedia.org/wiki/Inosinsäure	Inosinsäure und Inosinate wirken in salzhaltigen Lebensmitteln stark geschmacksverstärkend. In Mischungen mit Glutaminsäure (E 620) wird ihre Wirksamkeit erhöht.	nicht festgelegt
E 631	Dinatriuminosinat	https://de.wikipedia.org/wiki/Dinatriuminosinat	Inosinsäure und Inosinate wirken in salzhaltigen Lebensmitteln stark geschmacksverstärkend. In Mischungen mit Glutaminsäure (E 620) wird ihre Wirksamkeit erhöht.	nicht festgelegt
E 632	Dikaliuminosinat	https://de.wikipedia.org/wiki/Dikaliuminosinat	Inosinsäure und Inosinate wirken in salzhaltigen Lebensmitteln stark geschmacksverstärkend. In Mischungen mit Glutaminsäure (E 620) wird ihre Wirksamkeit erhöht.	nicht festgelegt
E 633	Calciuminosinat	https://de.wikipedia.org/wiki/Calciuminosinat	Inosinsäure und Inosinate wirken in salzhaltigen Lebensmitteln stark geschmacksverstärkend. In Mischungen mit Glutaminsäure (E 620) wird ihre Wirksamkeit erhöht.	nicht festgelegt
E 634	Calcium-5'-ribonucleotid	https://de.wikipedia.org/wiki/Calcium-5%27-ribonucleotid	Das Hydrolysat dieser Nucleinsäuren enthält unter anderem Guanylsäure (E 626) und Guanylate sowie Inosinsäure (E 630) und Inosinate. Aus diesem Grund wirkt Calcium-5’-ribonucleotid geschmacksverstärkend.	nicht festgelegt
E 635	Dinatrium-5'-ribonucleotid	https://de.wikipedia.org/wiki/Dinatrium-5%27-ribonucleotid	Das Hydrolysat dieser Nucleinsäuren enthält unter anderem Guanylsäure (E 626) und Guanylate sowie Inosinsäure (E 630) und Inosinate. Aus diesem Grund wirkt Calcium-5’-ribonucleotid geschmacksverstärkend.	nicht festgelegt
E 640	Glycin und dessen Natriumsalz	https://de.wikipedia.org/wiki/Glycin	Die selbst leicht süßliche Verbindung sowie ihr Natriumsalz runden den Geschmack von Süßstoffen ab.	nicht festgelegt
E 650	Zinkacetat	https://de.wikipedia.org/wiki/Zinkacetat	Zinkacetat ist das Zinksalz der Essigsäure (E 260) und ist ausschließlich für Kaugummi zugelassen.	nicht festgelegt
E 900	Polydimethylsiloxan (PDMS)	https://de.wikipedia.org/wiki/Polydimethylsiloxan	In Lebensmitteln verhindert das sogenannte Silikonöl, dass bei der Herstellung von Konfitüren, Obstsäften oder bei Frittiervorgängen unerwünschte Schäume entstehen.	1,5 mg/kg Körpergewicht
E 901	Bienenwachs, weiß und gelb	https://de.wikipedia.org/wiki/Bienenwachs	Als Überzugsmittel oder Oberflächenbehandlungsmittel verhindern Wachse zum Beispiel bei Obst den Verlust von Feuchtigkeit durch die Schale. Früchte, deren Oberfläche so behandelt wurde, tragen den Hinweis „gewachst“. Weiterhin als Überzugsmittel für Süßwaren, mit Schokolade überzogene Backwaren, Nüsse, Knabbererzeugnisse, Kaffeebohnen, Kaumasse für Kaugummi.	nicht festgelegt
E 902	Candelillawachs	https://de.wikipedia.org/wiki/Candelillawachs	Als Überzugsmittel oder Oberflächenbehandlungsmittel verhindern Wachse zum Beispiel bei Obst den Verlust von Feuchtigkeit durch die Schale. Früchte, deren Oberfläche so behandelt wurde, tragen den Hinweis „gewachst“. Weiterhin als Überzugsmittel für Süßwaren, mit Schokolade überzogene Backwaren, Nüsse, Knabbererzeugnisse, Kaffeebohnen, Kaumasse für Kaugummi.	nicht festgelegt
E 903	Carnaubawachs	https://de.wikipedia.org/wiki/Carnaubawachs	Als Überzugsmittel oder Oberflächenbehandlungsmittel verhindern Wachse zum Beispiel bei Obst den Verlust von Feuchtigkeit durch die Schale. Früchte, deren Oberfläche so behandelt wurde, tragen den Hinweis „gewachst“. Weiterhin als Überzugsmittel für Süßwaren, mit Schokolade überzogene Backwaren, Nüsse, Knabbererzeugnisse, Kaffeebohnen, Kaumasse für Kaugummi.	nicht festgelegt
E 904	Schellack	https://de.wikipedia.org/wiki/Schellack	Als Überzugsmittel oder Oberflächenbehandlungsmittel verhindern Wachse zum Beispiel bei Obst den Verlust von Feuchtigkeit durch die Schale. Früchte, deren Oberfläche so behandelt wurde, tragen den Hinweis „gewachst“. Weiterhin als Überzugsmittel für Süßwaren, mit Schokolade überzogene Backwaren, Nüsse, Knabbererzeugnisse, Kaffeebohnen, Kaumasse für Kaugummi.	nicht festgelegt
E 905	Mikrowachs	https://de.wikipedia.org/wiki/Paraffin#Mikrowachse	Das Wachs mit der besonders feinen Kristallstruktur gehört zu den natürlichen Inhaltsstoffen des Erdöls. Ausschließlich zur Oberflächenbehandlung von Süßwaren (außer Schokolade), Kaugummi, Melonen, Mango, Papaya und Avocado.	nicht festgelegt
E 907	Hydriertes Poly-1-decen		Schützendes Überzugsmittel ausschließlich für Zuckerwaren und Trockenfrüchte.	6 mg/kg Körpergewicht
E 912	Montansäureester		Nur zur Oberflächenbehandlung von frischen Zitrusfrüchten, Melonen, Mangos, Papayas, Avocados und Ananas zugelassen, um sie vor dem Austrocknen zu schützen. Früchte, deren Oberfläche so behandelt wurde, tragen den Hinweis „gewachst“. EU: Ab dem 1. Oktober 2014 ist Montansäureester in der Europäischen Union nicht mehr als Zusatzstoff zugelassen Schweiz: Zugelassen.	nicht festgelegt
E 914	Polyethylenwachsoxidate	https://de.wikipedia.org/wiki/Polyethylenwachs	Künstliche Wachse. Überzugsmittel für frische Zitrusfrüchte, Melonen, Mangos, Papayas, Avocados oder Ananas, um sie vor dem Austrocknen zu schützen. Früchte, deren Oberfläche so behandelt wurde, tragen den Hinweis „gewachst“.	nicht festgelegt
E 920	L-Cystein, Cysteinhydrochlorid	https://de.wikipedia.org/wiki/Cystein	Mehlbehandlungsmittel. L-Cystein macht Teige elastischer und leichter knetbar. Die Aminosäure verbessert darüber hinaus die Fähigkeit von Teigen, Gas zu halten und sorgt so dafür, dass luftiges Gebäck seine Konsistenz lange hält.	nicht festgelegt
E 927b	Carbamid	https://de.wikipedia.org/wiki/Carbamid	Stabilisator. Ausschließlich zugelassen für Kaugummi ohne Zuckerzusatz. Wird eingesetzt, um den Geschmack abzurunden und Kaueigenschaften zu verbessern.	nicht festgelegt
E 938	Argon	https://de.wikipedia.org/wiki/Argon	Treibgase, Schutz- und Packgase. Gase werden in die Verpackung besonders sensibler Lebensmittel geblasen, um dort den Sauerstoff zu verdrängen. Auf diese Weise werden sauerstoffbedingte Abbauprozesse, wie der Verlust von Farben, Aromen oder Strukturen, gehemmt. Sauerstoffabhängige Bakterien können in dieser Atmosphäre ebenfalls nicht wachsen. So verpackte Lebensmittel tragen die Aufschrift „Unter Schutzatmosphäre verpackt“. Treibgase werden zur Schaumbildung und als Extraktionslösemittel eingesetzt. Butan ist ausschließlich für gewerblich verwendete Backsprays aus Pflanzenöl zugelassen. Sauerstoff dient beispielsweise dazu, die rote Farbe von Fleisch zu stabilisieren und das Wachstum anaerober Mikroorganismen zu hemmen.	nicht festgelegt
E 939	Helium	https://de.wikipedia.org/wiki/Helium	Treibgase, Schutz- und Packgase. Gase werden in die Verpackung besonders sensibler Lebensmittel geblasen, um dort den Sauerstoff zu verdrängen. Auf diese Weise werden sauerstoffbedingte Abbauprozesse, wie der Verlust von Farben, Aromen oder Strukturen, gehemmt. Sauerstoffabhängige Bakterien können in dieser Atmosphäre ebenfalls nicht wachsen. So verpackte Lebensmittel tragen die Aufschrift „Unter Schutzatmosphäre verpackt“. Treibgase werden zur Schaumbildung und als Extraktionslösemittel eingesetzt. Butan ist ausschließlich für gewerblich verwendete Backsprays aus Pflanzenöl zugelassen. Sauerstoff dient beispielsweise dazu, die rote Farbe von Fleisch zu stabilisieren und das Wachstum anaerober Mikroorganismen zu hemmen.	nicht festgelegt
E 941	Stickstoff	https://de.wikipedia.org/wiki/Stickstoff	Treibgase, Schutz- und Packgase. Gase werden in die Verpackung besonders sensibler Lebensmittel geblasen, um dort den Sauerstoff zu verdrängen. Auf diese Weise werden sauerstoffbedingte Abbauprozesse, wie der Verlust von Farben, Aromen oder Strukturen, gehemmt. Sauerstoffabhängige Bakterien können in dieser Atmosphäre ebenfalls nicht wachsen. So verpackte Lebensmittel tragen die Aufschrift „Unter Schutzatmosphäre verpackt“. Treibgase werden zur Schaumbildung und als Extraktionslösemittel eingesetzt. Butan ist ausschließlich für gewerblich verwendete Backsprays aus Pflanzenöl zugelassen. Sauerstoff dient beispielsweise dazu, die rote Farbe von Fleisch zu stabilisieren und das Wachstum anaerober Mikroorganismen zu hemmen.	nicht festgelegt
E 942	Distickstoffmonoxid	https://de.wikipedia.org/wiki/Distickstoffmonoxid	Treibgase, Schutz- und Packgase. Gase werden in die Verpackung besonders sensibler Lebensmittel geblasen, um dort den Sauerstoff zu verdrängen. Auf diese Weise werden sauerstoffbedingte Abbauprozesse, wie der Verlust von Farben, Aromen oder Strukturen, gehemmt. Sauerstoffabhängige Bakterien können in dieser Atmosphäre ebenfalls nicht wachsen. So verpackte Lebensmittel tragen die Aufschrift „Unter Schutzatmosphäre verpackt“. Treibgase werden zur Schaumbildung und als Extraktionslösemittel eingesetzt. Butan ist ausschließlich für gewerblich verwendete Backsprays aus Pflanzenöl zugelassen. Sauerstoff dient beispielsweise dazu, die rote Farbe von Fleisch zu stabilisieren und das Wachstum anaerober Mikroorganismen zu hemmen.	nicht festgelegt
E 943a	Butan	https://de.wikipedia.org/wiki/Butan	Treibgase, Schutz- und Packgase. Gase werden in die Verpackung besonders sensibler Lebensmittel geblasen, um dort den Sauerstoff zu verdrängen. Auf diese Weise werden sauerstoffbedingte Abbauprozesse, wie der Verlust von Farben, Aromen oder Strukturen, gehemmt. Sauerstoffabhängige Bakterien können in dieser Atmosphäre ebenfalls nicht wachsen. So verpackte Lebensmittel tragen die Aufschrift „Unter Schutzatmosphäre verpackt“. Treibgase werden zur Schaumbildung und als Extraktionslösemittel eingesetzt. Butan ist ausschließlich für gewerblich verwendete Backsprays aus Pflanzenöl zugelassen. Sauerstoff dient beispielsweise dazu, die rote Farbe von Fleisch zu stabilisieren und das Wachstum anaerober Mikroorganismen zu hemmen.	nicht festgelegt
E 943b	Isobutan	https://de.wikipedia.org/wiki/Isobutan	Treibgase, Schutz- und Packgase. Gase werden in die Verpackung besonders sensibler Lebensmittel geblasen, um dort den Sauerstoff zu verdrängen. Auf diese Weise werden sauerstoffbedingte Abbauprozesse, wie der Verlust von Farben, Aromen oder Strukturen, gehemmt. Sauerstoffabhängige Bakterien können in dieser Atmosphäre ebenfalls nicht wachsen. So verpackte Lebensmittel tragen die Aufschrift „Unter Schutzatmosphäre verpackt“. Treibgase werden zur Schaumbildung und als Extraktionslösemittel eingesetzt. Butan ist ausschließlich für gewerblich verwendete Backsprays aus Pflanzenöl zugelassen. Sauerstoff dient beispielsweise dazu, die rote Farbe von Fleisch zu stabilisieren und das Wachstum anaerober Mikroorganismen zu hemmen.	nicht festgelegt
E 944	Propan	https://de.wikipedia.org/wiki/Propan	Treibgase, Schutz- und Packgase. Gase werden in die Verpackung besonders sensibler Lebensmittel geblasen, um dort den Sauerstoff zu verdrängen. Auf diese Weise werden sauerstoffbedingte Abbauprozesse, wie der Verlust von Farben, Aromen oder Strukturen, gehemmt. Sauerstoffabhängige Bakterien können in dieser Atmosphäre ebenfalls nicht wachsen. So verpackte Lebensmittel tragen die Aufschrift „Unter Schutzatmosphäre verpackt“. Treibgase werden zur Schaumbildung und als Extraktionslösemittel eingesetzt. Butan ist ausschließlich für gewerblich verwendete Backsprays aus Pflanzenöl zugelassen. Sauerstoff dient beispielsweise dazu, die rote Farbe von Fleisch zu stabilisieren und das Wachstum anaerober Mikroorganismen zu hemmen.	nicht festgelegt
E 948	Sauerstoff	https://de.wikipedia.org/wiki/Sauerstoff	Treibgase, Schutz- und Packgase. Gase werden in die Verpackung besonders sensibler Lebensmittel geblasen, um dort den Sauerstoff zu verdrängen. Auf diese Weise werden sauerstoffbedingte Abbauprozesse, wie der Verlust von Farben, Aromen oder Strukturen, gehemmt. Sauerstoffabhängige Bakterien können in dieser Atmosphäre ebenfalls nicht wachsen. So verpackte Lebensmittel tragen die Aufschrift „Unter Schutzatmosphäre verpackt“. Treibgase werden zur Schaumbildung und als Extraktionslösemittel eingesetzt. Butan ist ausschließlich für gewerblich verwendete Backsprays aus Pflanzenöl zugelassen. Sauerstoff dient beispielsweise dazu, die rote Farbe von Fleisch zu stabilisieren und das Wachstum anaerober Mikroorganismen zu hemmen.	nicht festgelegt
E 949	Wasserstoff	https://de.wikipedia.org/wiki/Wasserstoff#E_949	Treibgase, Schutz- und Packgase. Gase werden in die Verpackung besonders sensibler Lebensmittel geblasen, um dort den Sauerstoff zu verdrängen. Auf diese Weise werden sauerstoffbedingte Abbauprozesse, wie der Verlust von Farben, Aromen oder Strukturen, gehemmt. Sauerstoffabhängige Bakterien können in dieser Atmosphäre ebenfalls nicht wachsen. So verpackte Lebensmittel tragen die Aufschrift „Unter Schutzatmosphäre verpackt“. Treibgase werden zur Schaumbildung und als Extraktionslösemittel eingesetzt. Butan ist ausschließlich für gewerblich verwendete Backsprays aus Pflanzenöl zugelassen. Sauerstoff dient beispielsweise dazu, die rote Farbe von Fleisch zu stabilisieren und das Wachstum anaerober Mikroorganismen zu hemmen.	nicht festgelegt
E 999	Quillajaextrakt	https://de.wikipedia.org/wiki/Quillajaextrakt	Schaummittel, Stabilisator. Quillajaextrakt ist ausschließlich zugelassen für nichtalkoholische aromatisierte Getränke auf der Basis von Wasser sowie Cider.	5 mg/kg Körpergewicht
E 1103	Invertase	https://de.wikipedia.org/wiki/Invertase	Feuchthaltemittel. Invertase wird eingesetzt, um Süßwaren bzw. ihre Füllungen weich zu halten oder gezielt zu verflüssigen.	nicht festgelegt
E 1105	Lysozym	https://de.wikipedia.org/wiki/Lysozym	EU: Nicht zugelassen. Schweiz: Zugelassen.	nicht festgelegt
E 1200	Polydextrose	https://de.wikipedia.org/wiki/Polydextrose	Feuchthaltemittel, Füllstoff. Verleiht in Kombination mit Süßstoffen in energiereduzierten Lebensmitteln bei wenig Energie Volumen und Struktur.	nicht festgelegt
E 1201	Polyvinylpyrrolidon	https://de.wikipedia.org/wiki/Polyvinylpyrrolidon	PVP und PVPP sind ausschließlich für Nahrungsergänzungsmittel, die in Form von Tabletten oder Dragees angeboten werden, zugelassen.	nicht festgelegt
E 1202	Polyvinylpolypyrrolidon	https://de.wikipedia.org/wiki/Polyvinylpolypyrrolidon	PVP und PVPP sind ausschließlich für Nahrungsergänzungsmittel, die in Form von Tabletten oder Dragees angeboten werden, zugelassen.	nicht festgelegt
E 1203	Polyvinylalkohol	https://de.wikipedia.org/wiki/Polyvinylalkohol	Polyvinylalkohol ist als Überzugsmittel ausschließlich für Nahrungsergänzungsmittel zugelassen.	nicht festgelegt
E 1204	Pullulan	https://de.wikipedia.org/wiki/Pullulan	Pullulan wird im Überzug von Nahrungsergänzungsmitteln in Form von Kapseln, Tabletten oder Dragees eingesetzt. Auch in Atemerfrischern in Gestalt von dünnen Blättchen findet der Zusatzstoff Verwendung.	nicht festgelegt
E 1404	Modifizierte Stärke	https://de.wikipedia.org/wiki/Modifizierte_Stärke	Chemisch modifizierte Stärken. Bilden zähe Massen aus (Verkleisterung). Modifizierte Stärken erzeugen im Mund ein cremiges Gefühl und werden daher oft als Ersatzstoff für Fett eingesetzt.	nicht festgelegt
E 1410	Monostärkephosphat	https://de.wikipedia.org/wiki/Monostärkephosphat	Chemisch modifizierte Stärken. Bilden zähe Massen aus (Verkleisterung). Modifizierte Stärken erzeugen im Mund ein cremiges Gefühl und werden daher oft als Ersatzstoff für Fett eingesetzt.	nicht festgelegt
E 1412	Distärkephosphat	https://de.wikipedia.org/wiki/Distärkephosphat	Chemisch modifizierte Stärken. Bilden zähe Massen aus (Verkleisterung). Modifizierte Stärken erzeugen im Mund ein cremiges Gefühl und werden daher oft als Ersatzstoff für Fett eingesetzt.	nicht festgelegt
E 1413	Phosphatiertes Distärkephosphat	https://de.wikipedia.org/wiki/Phosphatiertes_Distärkephosphat	Chemisch modifizierte Stärken. Bilden zähe Massen aus (Verkleisterung). Modifizierte Stärken erzeugen im Mund ein cremiges Gefühl und werden daher oft als Ersatzstoff für Fett eingesetzt.	nicht festgelegt
E 1414	Acetyliertes Distärkephosphat	https://de.wikipedia.org/wiki/Acetyliertes_Distärkephosphat	Chemisch modifizierte Stärken. Bilden zähe Massen aus (Verkleisterung). Modifizierte Stärken erzeugen im Mund ein cremiges Gefühl und werden daher oft als Ersatzstoff für Fett eingesetzt.	nicht festgelegt
E 1420	Acetylierte Stärke	https://de.wikipedia.org/wiki/Acetylierte_Stärke	Chemisch modifizierte Stärken. Bilden zähe Massen aus (Verkleisterung). Modifizierte Stärken erzeugen im Mund ein cremiges Gefühl und werden daher oft als Ersatzstoff für Fett eingesetzt.	nicht festgelegt
E 1422	Acetyliertes Distärkeadipat	https://de.wikipedia.org/wiki/Acetyliertes_Distärkeadipat	Chemisch modifizierte Stärken. Bilden zähe Massen aus (Verkleisterung). Modifizierte Stärken erzeugen im Mund ein cremiges Gefühl und werden daher oft als Ersatzstoff für Fett eingesetzt.	nicht festgelegt
E 1440	Hydroxypropylstärke	https://de.wikipedia.org/wiki/Hydroxypropylstärke	Chemisch modifizierte Stärken. Bilden zähe Massen aus (Verkleisterung). Modifizierte Stärken erzeugen im Mund ein cremiges Gefühl und werden daher oft als Ersatzstoff für Fett eingesetzt.	nicht festgelegt
E 1442	Hydroxypropyldistärkephosphat		Chemisch modifizierte Stärken. Bilden zähe Massen aus (Verkleisterung). Modifizierte Stärken erzeugen im Mund ein cremiges Gefühl und werden daher oft als Ersatzstoff für Fett eingesetzt.	nicht festgelegt
E 1450	Stärkenatriumoctenylsuccinat	https://de.wikipedia.org/wiki/Stärkenatriumoctenylsuccinat	Chemisch modifizierte Stärken. Bilden zähe Massen aus (Verkleisterung). Modifizierte Stärken erzeugen im Mund ein cremiges Gefühl und werden daher oft als Ersatzstoff für Fett eingesetzt.	nicht festgelegt
E 1451	Acetylierte oxidierte Stärke	https://de.wikipedia.org/wiki/Acetylierte_oxidierte_Stärke	Chemisch modifizierte Stärken. Bilden zähe Massen aus (Verkleisterung). Modifizierte Stärken erzeugen im Mund ein cremiges Gefühl und werden daher oft als Ersatzstoff für Fett eingesetzt.	nicht festgelegt
E 1452	Stärkealuminiumoctenylsuccinat (SAOS)		SAOS wird als Trennmittel in eingekapselten Vitaminzubereitungen in Nahrungsergänzungsmitteln verwendet. Die Substanz ist wasserabweisend und verhindert die Verklumpung bei der Trocknung unter niedrigen Temperaturen.	nicht festgelegt
E 1505	Triethylcitrat	https://de.wikipedia.org/wiki/Triethylcitrat	Ester der Citronensäure E 330. Mit Hilfe von Triethylcitrat werden unter anderem Aromen in Lebensmitteln verteilt. Triethylcitrat ist ausschließlich zugelassen für Eiklarpulver und Aromen.	20 mg/kg Körpergewicht
E 1517	Glycerindiacetat (Diacetin)	https://de.wikipedia.org/wiki/Glycerindiacetat	Trägerstoff. Glycerindiacetat ist ausschließlich für die Herstellung von Aromen zugelassen.	nicht festgelegt
E 1518	Glycerintriacetat (Triacetin)	https://de.wikipedia.org/wiki/Glycerintriacetat	Ester des Glycerins E 422 mit Essigsäure E 260. Ausschließlich zugelassen für Kaugummi und Aromen.	nicht festgelegt
E 1519	Benzylalkohol	https://de.wikipedia.org/wiki/Benzylalkohol	Benzylalkohol ist ausschließlich für die Herstellung von Aromen zugelassen, die in den folgenden Lebensmitteln eingesetzt werden sollen: Liköre, aromatisierte weinhaltige Getränke, Cocktails, Süßigkeiten, Schokolade, Kuchen und Kekse.	5 mg/kg Körpergewicht (Summe aus Benzoesäure und Benzoaten)
E 1520	1,2-Propandiol (Propylenglycol)	https://de.wikipedia.org/wiki/1,2-Propandiol	In Propylenglycol lassen sich viele andere Zusatzstoffe und Enzyme sehr gut lösen. Ausschließlich zugelassen für Kaugummi und Aromen.	25 mg/kg Körpergewicht
E 1521	Polyethylenglykol	https://de.wikipedia.org/wiki/Polyethylenglykol	Polyethylenglykol ist als Filmüberzugsmittel ausschließlich für Nahrungsergänzungsmittel zugelassen.	nicht festgelegt
–	Aluminiumoxid	https://de.wikipedia.org/wiki/Aluminiumoxid	Kaumasse für Kaugummi, Füllstoff.	–
–	Wachsester	https://de.wikipedia.org/wiki/Wachsester	Kaumasse für Kaugummi, Ester der Speisefettsäuren.	–
–	Gutta	https://de.wikipedia.org/wiki/Guttapercha	Kaumasse für Kaugummi, gereinigte Pflanzenexsudate (Gummen) vorwiegend von Chiclearten.	–
–	Kautschuk	https://de.wikipedia.org/wiki/Kautschuk	Kaumasse für Kaugummi, gereinigte Pflanzenexsudate, vorwiegend von Hevea brasiliensis.	–
–	Kolophonium	https://de.wikipedia.org/wiki/Kolophonium	Kaumasse für Kaugummi, der bei der Terpentinöldestillation zurückbleibende Teil des Kiefernharzes.	–
–	Kolophonester		Kaumasse für Kaugummi, Ester des Kolophoniums.	–
–	Mastix	https://de.wikipedia.org/wiki/Mastix	Kaumasse für Kaugummi, Harz von Pistacia lentiscus L. (Sapindaceae).	–
–	Paraffinöl Hartparaffin, natürlich	https://de.wikipedia.org/wiki/Paraffinöl	Kaumasse für Kaugummi, Gemische gereinigter Kohlenwasserstoffe, die aus Erdöl, Braunkohle oder Schieferteeröl gewonnen werden.	–
–	Hartparaffin, synthetisch		Kaumasse für Kaugummi, synthetischer Kohlenwasserstoff.	–
–	Mikrokristalline Wachse		Kaumasse für Kaugummi, Mikrowachse, Gemisch gereinigter Kohlenwasserstoffe aus Erdöl.	–
–	Wollwachs	https://de.wikipedia.org/wiki/Wollwachs	Kaumasse für Kaugummi. Lanolin, eine bei der Aufbereitung von Schafwolle gewonnene, gereinigte salbenartige Masse.	–
–	Polyisobutylen	https://de.wikipedia.org/wiki/Polyisobutylen	Kaumasse für Kaugummi, synthetischer Kohlenwasserstoff.	–
–	Styrol-Butadien-Kautschuk	https://de.wikipedia.org/wiki/Styrol-Butadien-Kautschuk	Kaumasse für Kaugummi, synthetischer Kohlenwasserstoff.	–
–	Butylkautschuk (auch Isobuten-Isopren-Kautschuk)	https://de.wikipedia.org/wiki/Butylkautschuk	Kaumasse für Kaugummi, synthetischer Kohlenwasserstoff.	–
–	Polyethylen	https://de.wikipedia.org/wiki/Polyethylen	Kaumasse für Kaugummi, synthetischer Kohlenwasserstoff.	–
–	Polyvinylester der unverzweigten		Kaumasse für Kaugummi, synthetischer Kohlenwasserstoff.	–
	Fettsäuren C2 bis C18		Kaumasse für Kaugummi, synthetischer Kohlenwasserstoff.	–
–	Aktivkohle	https://de.wikipedia.org/wiki/Aktivkohle	zum Entfernen von unerwünschten Farbstoffen.	–
–	Wasserstoffperoxid	https://de.wikipedia.org/wiki/Wasserstoffperoxid	Bleichmittel.	–
–	Monoammoniumorthophosphat		Hefenährstoff in Wein und Obstwein.	–
	Diammoniumorthophosphat		Hefenährstoff in Wein und Obstwein.	–
–	Calciumphytat	https://de.wikipedia.org/wiki/Phytinsäure	Klärmittel für Getränke.	–
	Calciummagnesiumphytat		Klärmittel für Getränke.	–
–	Tannine	https://de.wikipedia.org/wiki/Tannine	Klärmittel für Getränke.	–
–	Kaliumpermanganat	https://de.wikipedia.org/wiki/Kaliumpermanganat	Bleichmittel für Stärke.	–
–	Schwefel	https://de.wikipedia.org/wiki/Schwefel	Konservierungsmittel in Wein.	–
–	Natriumhypochlorit	https://de.wikipedia.org/wiki/Natriumhypochlorit	Bleichmittel, Desinfektionsmittel für Trinkwasser.	–
–	Benzylalkohol, Ethyllactat	https://de.wikipedia.org/wiki/Benzylalkohol	Trägerstoffe für Aromen.	–
–	Cystin, Cystinhydrochlorid	https://de.wikipedia.org/wiki/Cystin	Mehlbehandlungsmittel, natürliche Aminosäure, verändert wie E920 die Klebereigenschaften.	–
